date,home_name,away_name,home_score,away_score,home_wins,away_wins,home_losses,away_losses,home_win_percentage,away_win_percentage,home_winner
2022-10-07,Nashville Predators,San Jose Sharks,4,1,0,0,True
2022-10-08,San Jose Sharks,Nashville Predators,2,3,0.0,1.0,False
2022-10-11,New York Rangers,Tampa Bay Lightning,3,1,0,0,True
2022-10-11,Los Angeles Kings,Vegas Golden Knights,3,4,0,0,False
2022-10-12,Washington Capitals,Boston Bruins,2,5,0,0,False
2022-10-12,Carolina Hurricanes,Columbus Blue Jackets,4,1,0,0,True
2022-10-12,Montréal Canadiens,Toronto Maple Leafs,4,3,0,0,True
2022-10-12,Colorado Avalanche,Chicago Blackhawks,5,2,0,0,True
2022-10-12,Anaheim Ducks,Seattle Kraken,5,4,0,0,True
2022-10-12,Edmonton Oilers,Vancouver Canucks,5,3,0,0,True
2022-10-13,Pittsburgh Penguins,Arizona Coyotes,6,2,0,0,True
2022-10-13,Philadelphia Flyers,New Jersey Devils,5,2,0,0,True
2022-10-13,Buffalo Sabres,Ottawa Senators,4,1,0,0,True
2022-10-13,New York Islanders,Florida Panthers,1,3,0,0,False
2022-10-13,Toronto Maple Leafs,Washington Capitals,3,2,0.0,0.0,True
2022-10-13,Minnesota Wild,New York Rangers,3,7,0,1.0,False
2022-10-13,Nashville Predators,Dallas Stars,1,4,1.0,0,False
2022-10-13,Calgary Flames,Colorado Avalanche,5,3,0,1.0,True
2022-10-13,Vegas Golden Knights,Chicago Blackhawks,1,0,1.0,0.0,True
2022-10-13,Los Angeles Kings,Seattle Kraken,1,4,0.0,0.0,False
2022-10-14,Columbus Blue Jackets,Tampa Bay Lightning,2,5,0.0,0.0,False
2022-10-14,Detroit Red Wings,Montréal Canadiens,3,0,0,1.0,True
2022-10-14,Winnipeg Jets,New York Rangers,4,1,0,1.0,True
2022-10-14,San Jose Sharks,Carolina Hurricanes,1,2,0.0,1.0,False
2022-10-15,Buffalo Sabres,Florida Panthers,3,4,1.0,1.0,False
2022-10-15,Philadelphia Flyers,Vancouver Canucks,3,2,1.0,0.0,True
2022-10-15,Boston Bruins,Arizona Coyotes,6,3,1.0,0.0,True
2022-10-15,New Jersey Devils,Detroit Red Wings,2,5,0.0,1.0,False
2022-10-15,Washington Capitals,Montréal Canadiens,3,1,0.0,0.5,True
2022-10-15,Toronto Maple Leafs,Ottawa Senators,3,2,0.5,0.0,True
2022-10-15,Pittsburgh Penguins,Tampa Bay Lightning,6,2,1.0,0.5,True
2022-10-15,New York Islanders,Anaheim Ducks,7,1,0.0,1.0,True
2022-10-15,St. Louis Blues,Columbus Blue Jackets,5,2,0,0.0,True
2022-10-15,Minnesota Wild,Los Angeles Kings,6,7,0.0,0.0,False
2022-10-15,Dallas Stars,Nashville Predators,5,1,1.0,0.667,True
2022-10-15,Seattle Kraken,Vegas Golden Knights,2,5,0.5,1.0,False
2022-10-15,San Jose Sharks,Chicago Blackhawks,2,5,0.0,0.0,False
2022-10-15,Edmonton Oilers,Calgary Flames,3,4,1.0,1.0,False
2022-10-17,New York Rangers,Anaheim Ducks,6,4,0.667,0.5,True
2022-10-17,Toronto Maple Leafs,Arizona Coyotes,2,4,0.667,0.0,False
2022-10-17,Boston Bruins,Florida Panthers,5,3,1.0,1.0,True
2022-10-17,Montréal Canadiens,Pittsburgh Penguins,3,2,0.333,1.0,True
2022-10-17,Washington Capitals,Vancouver Canucks,6,4,0.333,0.0,True
2022-10-17,Detroit Red Wings,Los Angeles Kings,4,5,1.0,0.333,False
2022-10-17,Minnesota Wild,Colorado Avalanche,3,6,0.0,0.5,False
2022-10-17,Dallas Stars,Winnipeg Jets,4,1,1.0,1.0,True
2022-10-17,Seattle Kraken,Carolina Hurricanes,1,5,0.333,1.0,False
2022-10-18,New Jersey Devils,Anaheim Ducks,4,2,0.0,0.333,True
2022-10-18,Ottawa Senators,Boston Bruins,7,5,0.0,1.0,True
2022-10-18,Columbus Blue Jackets,Vancouver Canucks,4,3,0.0,0.0,True
2022-10-18,Tampa Bay Lightning,Philadelphia Flyers,2,3,0.333,1.0,False
2022-10-18,New York Islanders,San Jose Sharks,5,2,0.5,0.0,True
2022-10-18,Edmonton Oilers,Buffalo Sabres,2,4,0.5,0.5,False
2022-10-18,Calgary Flames,Vegas Golden Knights,3,2,1.0,1.0,True
2022-10-18,Nashville Predators,Los Angeles Kings,3,4,0.5,0.5,False
2022-10-19,Florida Panthers,Philadelphia Flyers,4,3,0.667,1.0,True
2022-10-19,Colorado Avalanche,Winnipeg Jets,3,4,0.667,0.5,False
2022-10-19,Seattle Kraken,St. Louis Blues,3,4,0.25,1.0,False
2022-10-20,Boston Bruins,Anaheim Ducks,2,1,0.75,0.25,True
2022-10-20,Montréal Canadiens,Arizona Coyotes,6,2,0.5,0.333,True
2022-10-20,Toronto Maple Leafs,Dallas Stars,3,2,0.5,1.0,True
2022-10-20,Pittsburgh Penguins,Los Angeles Kings,6,1,0.667,0.6,True
2022-10-20,Columbus Blue Jackets,Nashville Predators,5,3,0.25,0.4,True
2022-10-20,New York Rangers,San Jose Sharks,2,3,0.75,0.0,False
2022-10-20,Ottawa Senators,Washington Capitals,5,2,0.333,0.5,True
2022-10-20,New York Islanders,New Jersey Devils,1,4,0.667,0.333,False
2022-10-20,Minnesota Wild,Vancouver Canucks,4,3,0.0,0.0,True
2022-10-20,Edmonton Oilers,Carolina Hurricanes,6,4,0.333,1.0,True
2022-10-20,Calgary Flames,Buffalo Sabres,3,6,1.0,0.667,False
2022-10-20,Vegas Golden Knights,Winnipeg Jets,5,2,0.75,0.667,True
2022-10-21,Florida Panthers,Tampa Bay Lightning,2,3,0.75,0.25,False
2022-10-21,Chicago Blackhawks,Detroit Red Wings,4,3,0.333,0.667,True
2022-10-21,Colorado Avalanche,Seattle Kraken,2,3,0.5,0.2,False
2022-10-22,Boston Bruins,Minnesota Wild,4,3,0.8,0.25,True
2022-10-22,New Jersey Devils,San Jose Sharks,2,1,0.5,0.167,True
2022-10-22,Edmonton Oilers,St. Louis Blues,0,2,0.5,1.0,False
2022-10-22,Ottawa Senators,Arizona Coyotes,6,2,0.5,0.25,True
2022-10-22,Winnipeg Jets,Toronto Maple Leafs,1,4,0.5,0.6,False
2022-10-22,Montréal Canadiens,Dallas Stars,2,5,0.6,0.75,False
2022-10-22,Washington Capitals,Los Angeles Kings,4,3,0.4,0.5,True
2022-10-22,Tampa Bay Lightning,New York Islanders,5,3,0.4,0.5,True
2022-10-22,Columbus Blue Jackets,Pittsburgh Penguins,3,6,0.4,0.75,False
2022-10-22,Nashville Predators,Philadelphia Flyers,1,3,0.333,0.75,False
2022-10-22,Vancouver Canucks,Buffalo Sabres,1,5,0.0,0.75,False
2022-10-22,Vegas Golden Knights,Colorado Avalanche,2,3,0.8,0.4,False
2022-10-22,Calgary Flames,Carolina Hurricanes,3,2,0.75,0.75,True
2022-10-23,Chicago Blackhawks,Seattle Kraken,5,4,0.5,0.333,True
2022-10-23,Detroit Red Wings,Anaheim Ducks,5,1,0.5,0.2,True
2022-10-23,New York Rangers,Columbus Blue Jackets,1,5,0.6,0.333,False
2022-10-23,Florida Panthers,New York Islanders,3,2,0.6,0.4,True
2022-10-23,Philadelphia Flyers,San Jose Sharks,0,3,0.8,0.143,False
2022-10-24,Ottawa Senators,Dallas Stars,4,2,0.6,0.8,True
2022-10-24,New Jersey Devils,Washington Capitals,3,6,0.6,0.5,False
2022-10-24,Edmonton Oilers,Pittsburgh Penguins,6,3,0.4,0.8,True
2022-10-24,Winnipeg Jets,St. Louis Blues,4,0,0.4,1.0,True
2022-10-24,Vegas Golden Knights,Toronto Maple Leafs,3,1,0.667,0.667,True
2022-10-24,Vancouver Canucks,Carolina Hurricanes,2,3,0.0,0.6,False
2022-10-25,Columbus Blue Jackets,Arizona Coyotes,3,6,0.429,0.2,False
2022-10-25,Boston Bruins,Dallas Stars,3,1,0.833,0.667,True
2022-10-25,Montréal Canadiens,Minnesota Wild,1,3,0.5,0.2,False
2022-10-25,Detroit Red Wings,New Jersey Devils,2,6,0.6,0.5,False
2022-10-25,New York Rangers,Colorado Avalanche,2,3,0.5,0.5,False
2022-10-25,Chicago Blackhawks,Florida Panthers,4,2,0.6,0.667,True
2022-10-25,Calgary Flames,Pittsburgh Penguins,4,1,0.8,0.667,True
2022-10-25,Seattle Kraken,Buffalo Sabres,5,1,0.286,0.8,True
2022-10-25,Los Angeles Kings,Tampa Bay Lightning,4,2,0.429,0.5,True
2022-10-25,San Jose Sharks,Vegas Golden Knights,2,4,0.25,0.714,False
2022-10-26,New York Islanders,New York Rangers,3,0,0.333,0.429,True
2022-10-26,St. Louis Blues,Edmonton Oilers,1,3,0.75,0.5,False
2022-10-26,Anaheim Ducks,Tampa Bay Lightning,2,4,0.167,0.429,False
2022-10-27,Boston Bruins,Detroit Red Wings,5,1,0.857,0.5,True
2022-10-27,Philadelphia Flyers,Florida Panthers,4,3,0.667,0.571,True
2022-10-27,Ottawa Senators,Minnesota Wild,2,4,0.667,0.333,False
2022-10-27,Buffalo Sabres,Montréal Canadiens,2,3,0.667,0.429,False
2022-10-27,Nashville Predators,St. Louis Blues,6,2,0.286,0.6,True
2022-10-27,Chicago Blackhawks,Edmonton Oilers,5,6,0.667,0.571,False
2022-10-27,Dallas Stars,Washington Capitals,2,0,0.571,0.571,True
2022-10-27,Seattle Kraken,Vancouver Canucks,4,5,0.375,0.0,False
2022-10-27,San Jose Sharks,Toronto Maple Leafs,4,3,0.222,0.571,True
2022-10-27,Los Angeles Kings,Winnipeg Jets,4,6,0.5,0.5,False
2022-10-28,Vegas Golden Knights,Anaheim Ducks,4,0,0.75,0.143,True
2022-10-28,Columbus Blue Jackets,Boston Bruins,0,4,0.375,0.875,False
2022-10-28,New Jersey Devils,Colorado Avalanche,1,0,0.571,0.571,True
2022-10-28,Carolina Hurricanes,New York Islanders,2,6,0.667,0.429,False
2022-10-28,Vancouver Canucks,Pittsburgh Penguins,5,1,0.125,0.571,True
2022-10-28,Arizona Coyotes,Winnipeg Jets,2,3,0.333,0.571,False
2022-10-29,Dallas Stars,New York Rangers,3,6,0.625,0.375,False
2022-10-29,Florida Panthers,Ottawa Senators,5,3,0.5,0.571,True
2022-10-29,San Jose Sharks,Tampa Bay Lightning,3,4,0.3,0.5,False
2022-10-29,Los Angeles Kings,Toronto Maple Leafs,4,2,0.444,0.5,True
2022-10-29,St. Louis Blues,Montréal Canadiens,4,7,0.5,0.5,False
2022-10-29,Philadelphia Flyers,Carolina Hurricanes,3,4,0.714,0.571,False
2022-10-29,Buffalo Sabres,Chicago Blackhawks,4,3,0.571,0.571,True
2022-10-29,Detroit Red Wings,Minnesota Wild,2,1,0.429,0.429,True
2022-10-29,New York Islanders,Colorado Avalanche,5,4,0.5,0.5,True
2022-10-29,Nashville Predators,Washington Capitals,0,3,0.375,0.5,False
2022-10-29,Seattle Kraken,Pittsburgh Penguins,3,1,0.333,0.5,True
2022-10-29,Calgary Flames,Edmonton Oilers,2,3,0.833,0.625,False
2022-10-30,New Jersey Devils,Columbus Blue Jackets,7,1,0.625,0.333,True
2022-10-30,Chicago Blackhawks,Minnesota Wild,3,4,0.5,0.375,False
2022-10-30,Arizona Coyotes,New York Rangers,2,3,0.286,0.444,False
2022-10-30,Anaheim Ducks,Toronto Maple Leafs,4,3,0.125,0.444,True
2022-10-30,Vegas Golden Knights,Winnipeg Jets,2,1,0.778,0.625,True
2022-10-31,Buffalo Sabres,Detroit Red Wings,8,3,0.625,0.5,True
2022-10-31,Carolina Hurricanes,Washington Capitals,3,2,0.625,0.556,True
2022-10-31,St. Louis Blues,Los Angeles Kings,1,5,0.429,0.5,False
2022-11-01,Tampa Bay Lightning,Ottawa Senators,4,3,0.556,0.5,True
2022-11-01,New York Rangers,Philadelphia Flyers,1,0,0.5,0.625,True
2022-11-01,Washington Capitals,Vegas Golden Knights,2,3,0.5,0.8,False
2022-11-01,Minnesota Wild,Montréal Canadiens,4,1,0.444,0.556,True
2022-11-01,Pittsburgh Penguins,Boston Bruins,5,6,0.444,0.889,False
2022-11-01,Chicago Blackhawks,New York Islanders,1,3,0.444,0.556,False
2022-11-01,Dallas Stars,Los Angeles Kings,5,2,0.556,0.545,True
2022-11-01,Edmonton Oilers,Nashville Predators,7,4,0.667,0.333,True
2022-11-01,Calgary Flames,Seattle Kraken,4,5,0.714,0.4,False
2022-11-01,Arizona Coyotes,Florida Panthers,3,1,0.25,0.556,True
2022-11-01,Vancouver Canucks,New Jersey Devils,2,5,0.222,0.667,False
2022-11-01,San Jose Sharks,Anaheim Ducks,5,6,0.273,0.222,False
2022-11-02,Toronto Maple Leafs,Philadelphia Flyers,5,2,0.4,0.556,True
2022-11-02,Buffalo Sabres,Pittsburgh Penguins,6,3,0.667,0.4,True
2022-11-03,Tampa Bay Lightning,Carolina Hurricanes,3,4,0.6,0.667,False
2022-11-03,Ottawa Senators,Vegas Golden Knights,4,5,0.444,0.818,False
2022-11-03,Detroit Red Wings,Washington Capitals,3,1,0.444,0.455,True
2022-11-03,New York Rangers,Boston Bruins,2,5,0.545,0.9,False
2022-11-03,Winnipeg Jets,Montréal Canadiens,3,2,0.556,0.5,True
2022-11-03,St. Louis Blues,New York Islanders,2,5,0.375,0.6,False
2022-11-03,Minnesota Wild,Seattle Kraken,0,4,0.5,0.455,False
2022-11-03,Chicago Blackhawks,Los Angeles Kings,2,1,0.4,0.5,True
2022-11-03,Calgary Flames,Nashville Predators,1,4,0.625,0.3,False
2022-11-03,Edmonton Oilers,New Jersey Devils,3,4,0.7,0.7,False
2022-11-03,Vancouver Canucks,Anaheim Ducks,8,5,0.2,0.3,True
2022-11-03,Arizona Coyotes,Dallas Stars,2,7,0.333,0.6,False
2022-11-03,San Jose Sharks,Florida Panthers,3,4,0.25,0.5,False
2022-11-04,Colorado Avalanche,Columbus Blue Jackets,6,3,0.444,0.3,True
2022-11-04,Carolina Hurricanes,Buffalo Sabres,5,3,0.7,0.7,True
2022-11-05,Detroit Red Wings,New York Islanders,3,0,0.5,0.636,True
2022-11-05,Columbus Blue Jackets,Colorado Avalanche,1,5,0.273,0.5,False
2022-11-05,Winnipeg Jets,Chicago Blackhawks,4,0,0.6,0.455,True
2022-11-05,Edmonton Oilers,Dallas Stars,2,6,0.636,0.636,False
2022-11-05,Washington Capitals,Arizona Coyotes,2,3,0.417,0.3,False
2022-11-05,Toronto Maple Leafs,Boston Bruins,2,1,0.455,0.909,True
2022-11-05,Tampa Bay Lightning,Buffalo Sabres,5,3,0.545,0.636,True
2022-11-05,Ottawa Senators,Philadelphia Flyers,1,2,0.4,0.5,False
2022-11-05,Pittsburgh Penguins,Seattle Kraken,2,3,0.364,0.5,False
2022-11-05,Montréal Canadiens,Vegas Golden Knights,4,6,0.455,0.833,False
2022-11-05,Vancouver Canucks,Nashville Predators,3,4,0.273,0.364,False
2022-11-05,Calgary Flames,New Jersey Devils,3,4,0.556,0.727,False
2022-11-05,San Jose Sharks,Anaheim Ducks,4,5,0.231,0.273,False
2022-11-05,Los Angeles Kings,Florida Panthers,5,4,0.462,0.545,True
2022-11-06,New York Rangers,Detroit Red Wings,2,3,0.5,0.545,False
2022-11-06,Carolina Hurricanes,Toronto Maple Leafs,1,3,0.727,0.5,False
2022-11-06,Anaheim Ducks,Florida Panthers,3,5,0.333,0.5,False
2022-11-07,New York Islanders,Calgary Flames,4,3,0.583,0.5,True
2022-11-07,Boston Bruins,St. Louis Blues,3,1,0.833,0.333,True
2022-11-07,Washington Capitals,Edmonton Oilers,5,4,0.385,0.583,True
2022-11-08,Buffalo Sabres,Arizona Coyotes,1,4,0.583,0.364,False
2022-11-08,New Jersey Devils,Calgary Flames,3,2,0.75,0.455,True
2022-11-08,New York Rangers,New York Islanders,3,4,0.462,0.615,False
2022-11-08,Philadelphia Flyers,St. Louis Blues,5,1,0.545,0.3,True
2022-11-08,Ottawa Senators,Vancouver Canucks,4,6,0.364,0.25,False
2022-11-08,Toronto Maple Leafs,Vegas Golden Knights,3,4,0.538,0.846,False
2022-11-08,Detroit Red Wings,Montréal Canadiens,2,3,0.583,0.417,False
2022-11-08,Tampa Bay Lightning,Edmonton Oilers,2,3,0.583,0.538,False
2022-11-08,Winnipeg Jets,Dallas Stars,5,1,0.636,0.667,True
2022-11-08,Seattle Kraken,Nashville Predators,5,1,0.538,0.417,True
2022-11-08,Los Angeles Kings,Minnesota Wild,1,0,0.5,0.455,True
2022-11-09,Florida Panthers,Carolina Hurricanes,3,0,0.538,0.667,True
2022-11-09,Washington Capitals,Pittsburgh Penguins,1,4,0.429,0.333,False
2022-11-09,Montréal Canadiens,Vancouver Canucks,5,2,0.462,0.308,True
2022-11-09,Anaheim Ducks,Minnesota Wild,1,4,0.308,0.417,False
2022-11-10,Boston Bruins,Calgary Flames,3,1,0.846,0.417,True
2022-11-10,Carolina Hurricanes,Edmonton Oilers,7,2,0.615,0.571,True
2022-11-10,New Jersey Devils,Ottawa Senators,4,3,0.769,0.333,True
2022-11-10,Columbus Blue Jackets,Philadelphia Flyers,5,2,0.25,0.583,True
2022-11-10,Buffalo Sabres,Vegas Golden Knights,4,7,0.538,0.857,False
2022-11-10,Detroit Red Wings,New York Rangers,2,8,0.538,0.429,False
2022-11-10,New York Islanders,Arizona Coyotes,0,2,0.643,0.417,False
2022-11-10,St. Louis Blues,San Jose Sharks,5,3,0.273,0.214,True
2022-11-10,Colorado Avalanche,Nashville Predators,5,3,0.545,0.385,True
2022-11-10,Los Angeles Kings,Chicago Blackhawks,2,1,0.533,0.417,True
2022-11-11,Toronto Maple Leafs,Pittsburgh Penguins,2,4,0.5,0.385,False
2022-11-11,Washington Capitals,Tampa Bay Lightning,5,1,0.4,0.538,True
2022-11-11,Dallas Stars,San Jose Sharks,4,5,0.615,0.2,False
2022-11-11,Seattle Kraken,Minnesota Wild,0,1,0.571,0.462,False
2022-11-12,Philadelphia Flyers,Ottawa Senators,1,4,0.538,0.308,False
2022-11-12,Florida Panthers,Edmonton Oilers,2,4,0.571,0.533,False
2022-11-12,New Jersey Devils,Arizona Coyotes,4,2,0.786,0.462,True
2022-11-12,Buffalo Sabres,Boston Bruins,1,3,0.5,0.857,False
2022-11-12,Montréal Canadiens,Pittsburgh Penguins,5,4,0.5,0.429,True
2022-11-12,Toronto Maple Leafs,Vancouver Canucks,3,2,0.467,0.286,True
2022-11-12,New York Islanders,Columbus Blue Jackets,4,3,0.6,0.308,True
2022-11-12,Nashville Predators,New York Rangers,2,1,0.357,0.467,True
2022-11-12,Colorado Avalanche,Carolina Hurricanes,4,1,0.583,0.643,True
2022-11-12,Anaheim Ducks,Chicago Blackhawks,2,3,0.286,0.385,False
2022-11-12,Vegas Golden Knights,St. Louis Blues,2,3,0.867,0.333,False
2022-11-12,Calgary Flames,Winnipeg Jets,3,2,0.385,0.667,True
2022-11-12,Los Angeles Kings,Detroit Red Wings,4,3,0.562,0.5,True
2022-11-13,Philadelphia Flyers,Dallas Stars,1,5,0.5,0.571,False
2022-11-13,Minnesota Wild,San Jose Sharks,2,3,0.5,0.25,False
2022-11-13,Boston Bruins,Vancouver Canucks,5,2,0.867,0.267,True
2022-11-13,New York Rangers,Arizona Coyotes,4,1,0.438,0.429,True
2022-11-13,Tampa Bay Lightning,Washington Capitals,6,3,0.5,0.438,True
2022-11-13,Seattle Kraken,Winnipeg Jets,2,3,0.533,0.615,False
2022-11-14,Ottawa Senators,New York Islanders,2,4,0.357,0.625,False
2022-11-14,Calgary Flames,Los Angeles Kings,6,5,0.429,0.588,True
2022-11-14,Chicago Blackhawks,Carolina Hurricanes,0,3,0.429,0.6,False
2022-11-14,Colorado Avalanche,St. Louis Blues,2,3,0.615,0.385,False
2022-11-15,Tampa Bay Lightning,Dallas Stars,5,4,0.533,0.6,True
2022-11-15,Montréal Canadiens,New Jersey Devils,1,5,0.533,0.8,False
2022-11-15,Pittsburgh Penguins,Toronto Maple Leafs,2,5,0.4,0.5,False
2022-11-15,Buffalo Sabres,Vancouver Canucks,4,5,0.467,0.25,False
2022-11-15,Florida Panthers,Washington Capitals,5,2,0.533,0.412,True
2022-11-15,Columbus Blue Jackets,Philadelphia Flyers,5,4,0.286,0.467,True
2022-11-15,Nashville Predators,Minnesota Wild,2,1,0.4,0.467,True
2022-11-15,Anaheim Ducks,Detroit Red Wings,3,2,0.267,0.467,True
2022-11-15,Vegas Golden Knights,San Jose Sharks,2,5,0.812,0.294,False
2022-11-16,Ottawa Senators,Buffalo Sabres,4,1,0.333,0.438,True
2022-11-16,Chicago Blackhawks,St. Louis Blues,2,5,0.4,0.429,False
2022-11-16,Edmonton Oilers,Los Angeles Kings,1,3,0.562,0.556,False
2022-11-17,Tampa Bay Lightning,Calgary Flames,4,1,0.562,0.467,True
2022-11-17,Carolina Hurricanes,Colorado Avalanche,2,3,0.625,0.571,False
2022-11-17,Florida Panthers,Dallas Stars,4,6,0.562,0.562,False
2022-11-17,Columbus Blue Jackets,Montréal Canadiens,6,4,0.333,0.5,True
2022-11-17,Toronto Maple Leafs,New Jersey Devils,2,3,0.529,0.812,False
2022-11-17,Boston Bruins,Philadelphia Flyers,4,1,0.875,0.438,True
2022-11-17,Winnipeg Jets,Anaheim Ducks,3,2,0.643,0.312,True
2022-11-17,Nashville Predators,New York Islanders,5,4,0.438,0.647,True
2022-11-17,Minnesota Wild,Pittsburgh Penguins,4,6,0.438,0.375,False
2022-11-17,St. Louis Blues,Washington Capitals,5,4,0.467,0.389,True
2022-11-17,Vegas Golden Knights,Arizona Coyotes,4,1,0.765,0.4,True
2022-11-17,Seattle Kraken,New York Rangers,3,2,0.5,0.471,True
2022-11-17,San Jose Sharks,Detroit Red Wings,4,7,0.333,0.438,False
2022-11-18,Vancouver Canucks,Los Angeles Kings,4,1,0.294,0.579,True
2022-11-19,Ottawa Senators,New Jersey Devils,1,5,0.375,0.824,False
2022-11-19,Florida Panthers,Calgary Flames,4,5,0.529,0.438,False
2022-11-19,Winnipeg Jets,Pittsburgh Penguins,0,3,0.667,0.412,False
2022-11-19,Toronto Maple Leafs,Buffalo Sabres,5,2,0.5,0.412,True
2022-11-19,Boston Bruins,Chicago Blackhawks,6,1,0.882,0.375,True
2022-11-19,Washington Capitals,Colorado Avalanche,0,4,0.368,0.6,False
2022-11-19,Columbus Blue Jackets,Detroit Red Wings,1,6,0.375,0.471,False
2022-11-19,Montréal Canadiens,Philadelphia Flyers,5,4,0.471,0.412,True
2022-11-19,St. Louis Blues,Anaheim Ducks,6,2,0.5,0.294,True
2022-11-19,Minnesota Wild,Carolina Hurricanes,2,1,0.412,0.588,True
2022-11-19,Dallas Stars,New York Islanders,5,2,0.588,0.611,True
2022-11-19,Nashville Predators,Tampa Bay Lightning,2,3,0.471,0.588,False
2022-11-19,Seattle Kraken,Los Angeles Kings,3,2,0.529,0.55,True
2022-11-19,Edmonton Oilers,Vegas Golden Knights,4,3,0.529,0.778,True
2022-11-19,San Jose Sharks,New York Rangers,1,2,0.316,0.444,False
2022-11-20,Columbus Blue Jackets,Florida Panthers,5,3,0.353,0.5,True
2022-11-20,Chicago Blackhawks,Pittsburgh Penguins,3,5,0.353,0.444,False
2022-11-21,Tampa Bay Lightning,Boston Bruins,3,5,0.611,0.889,False
2022-11-21,Philadelphia Flyers,Calgary Flames,2,5,0.389,0.471,False
2022-11-21,New Jersey Devils,Edmonton Oilers,5,2,0.833,0.556,True
2022-11-21,Winnipeg Jets,Carolina Hurricanes,4,3,0.625,0.556,True
2022-11-21,Toronto Maple Leafs,New York Islanders,2,3,0.526,0.579,False
2022-11-21,St. Louis Blues,Anaheim Ducks,3,1,0.529,0.278,True
2022-11-21,Nashville Predators,Arizona Coyotes,4,3,0.444,0.375,True
2022-11-21,Dallas Stars,Colorado Avalanche,2,3,0.611,0.625,False
2022-11-21,San Jose Sharks,Ottawa Senators,5,1,0.3,0.353,True
2022-11-21,Vancouver Canucks,Vegas Golden Knights,4,5,0.333,0.737,False
2022-11-22,Montréal Canadiens,Buffalo Sabres,2,7,0.5,0.389,False
2022-11-22,Los Angeles Kings,New York Rangers,3,5,0.524,0.474,False
2022-11-23,Minnesota Wild,Winnipeg Jets,6,1,0.444,0.647,True
2022-11-23,Carolina Hurricanes,Arizona Coyotes,0,4,0.526,0.353,False
2022-11-23,Florida Panthers,Boston Bruins,5,2,0.474,0.895,True
2022-11-23,Pittsburgh Penguins,Calgary Flames,2,1,0.474,0.5,True
2022-11-23,Columbus Blue Jackets,Montréal Canadiens,1,3,0.389,0.474,False
2022-11-23,Buffalo Sabres,St. Louis Blues,6,2,0.421,0.556,True
2022-11-23,New Jersey Devils,Toronto Maple Leafs,1,2,0.842,0.5,False
2022-11-23,Detroit Red Wings,Nashville Predators,3,0,0.5,0.474,True
2022-11-23,New York Islanders,Edmonton Oilers,3,0,0.6,0.526,True
2022-11-23,Washington Capitals,Philadelphia Flyers,3,2,0.35,0.368,True
2022-11-23,Dallas Stars,Chicago Blackhawks,6,4,0.579,0.333,True
2022-11-23,Anaheim Ducks,New York Rangers,3,2,0.263,0.5,True
2022-11-23,Vegas Golden Knights,Ottawa Senators,4,1,0.75,0.333,True
2022-11-23,Seattle Kraken,San Jose Sharks,8,5,0.556,0.333,True
2022-11-23,Colorado Avalanche,Vancouver Canucks,3,4,0.647,0.316,False
2022-11-25,Boston Bruins,Carolina Hurricanes,3,2,0.85,0.5,True
2022-11-25,Chicago Blackhawks,Montréal Canadiens,2,3,0.316,0.5,False
2022-11-25,Minnesota Wild,Toronto Maple Leafs,3,4,0.474,0.524,False
2022-11-25,Washington Capitals,Calgary Flames,3,0,0.381,0.474,True
2022-11-25,Anaheim Ducks,Ottawa Senators,1,5,0.3,0.316,False
2022-11-25,Philadelphia Flyers,Pittsburgh Penguins,1,4,0.35,0.5,False
2022-11-25,Vegas Golden Knights,Seattle Kraken,2,4,0.762,0.579,False
2022-11-25,Detroit Red Wings,Arizona Coyotes,4,3,0.526,0.389,True
2022-11-25,Columbus Blue Jackets,New York Islanders,2,3,0.368,0.619,False
2022-11-25,Buffalo Sabres,New Jersey Devils,1,3,0.45,0.8,False
2022-11-25,Tampa Bay Lightning,St. Louis Blues,5,2,0.579,0.526,True
2022-11-25,Dallas Stars,Winnipeg Jets,4,5,0.6,0.611,False
2022-11-25,San Jose Sharks,Los Angeles Kings,2,5,0.318,0.5,False
2022-11-26,New York Rangers,Edmonton Oilers,3,4,0.476,0.5,False
2022-11-26,Carolina Hurricanes,Calgary Flames,3,2,0.476,0.45,True
2022-11-26,Florida Panthers,St. Louis Blues,4,5,0.5,0.5,False
2022-11-26,Pittsburgh Penguins,Toronto Maple Leafs,1,4,0.524,0.545,False
2022-11-26,New Jersey Devils,Washington Capitals,5,1,0.81,0.409,True
2022-11-26,New York Islanders,Philadelphia Flyers,5,2,0.636,0.333,True
2022-11-26,Colorado Avalanche,Dallas Stars,4,1,0.611,0.571,True
2022-11-26,Vegas Golden Knights,Vancouver Canucks,1,5,0.727,0.35,False
2022-11-27,Minnesota Wild,Arizona Coyotes,4,3,0.45,0.368,True
2022-11-27,Chicago Blackhawks,Winnipeg Jets,2,7,0.3,0.632,False
2022-11-27,Anaheim Ducks,Seattle Kraken,4,5,0.286,0.6,False
2022-11-27,San Jose Sharks,Vancouver Canucks,3,4,0.304,0.381,False
2022-11-27,Los Angeles Kings,Ottawa Senators,2,3,0.522,0.35,False
2022-11-28,New York Rangers,New Jersey Devils,3,5,0.455,0.818,False
2022-11-28,Buffalo Sabres,Tampa Bay Lightning,5,6,0.429,0.6,False
2022-11-28,Detroit Red Wings,Toronto Maple Leafs,2,4,0.55,0.565,False
2022-11-28,Columbus Blue Jackets,Vegas Golden Knights,2,3,0.35,0.696,False
2022-11-28,St. Louis Blues,Dallas Stars,1,4,0.524,0.545,False
2022-11-28,Edmonton Oilers,Florida Panthers,4,3,0.524,0.476,True
2022-11-29,Pittsburgh Penguins,Carolina Hurricanes,2,3,0.5,0.5,False
2022-11-29,Montréal Canadiens,San Jose Sharks,0,4,0.524,0.292,False
2022-11-29,Boston Bruins,Tampa Bay Lightning,3,1,0.857,0.619,True
2022-11-29,Philadelphia Flyers,New York Islanders,3,1,0.318,0.652,True
2022-11-29,Nashville Predators,Anaheim Ducks,2,1,0.45,0.273,True
2022-11-29,Winnipeg Jets,Colorado Avalanche,5,0,0.65,0.632,True
2022-11-29,Calgary Flames,Florida Panthers,6,2,0.429,0.455,True
2022-11-29,Vancouver Canucks,Washington Capitals,1,5,0.409,0.391,False
2022-11-29,Los Angeles Kings,Seattle Kraken,8,9,0.5,0.619,False
2022-11-30,Detroit Red Wings,Buffalo Sabres,4,5,0.524,0.409,False
2022-11-30,Ottawa Senators,New York Rangers,1,3,0.381,0.435,False
2022-11-30,Toronto Maple Leafs,San Jose Sharks,3,1,0.583,0.32,True
2022-11-30,Chicago Blackhawks,Edmonton Oilers,4,5,0.286,0.545,False
2022-12-01,Buffalo Sabres,Colorado Avalanche,4,6,0.435,0.6,False
2022-12-01,New Jersey Devils,Nashville Predators,3,4,0.826,0.476,False
2022-12-01,Philadelphia Flyers,Tampa Bay Lightning,1,4,0.348,0.591,False
2022-12-01,Pittsburgh Penguins,Vegas Golden Knights,4,3,0.478,0.708,True
2022-12-01,St. Louis Blues,Carolina Hurricanes,4,6,0.5,0.522,False
2022-12-01,Minnesota Wild,Edmonton Oilers,5,3,0.476,0.565,True
2022-12-01,Dallas Stars,Anaheim Ducks,5,0,0.565,0.261,True
2022-12-01,Calgary Flames,Montréal Canadiens,1,2,0.455,0.5,False
2022-12-01,Vancouver Canucks,Florida Panthers,1,5,0.391,0.435,False
2022-12-01,Seattle Kraken,Washington Capitals,3,2,0.636,0.417,True
2022-12-01,Los Angeles Kings,Arizona Coyotes,5,3,0.48,0.35,True
2022-12-02,New York Rangers,Ottawa Senators,2,3,0.458,0.364,False
2022-12-02,New York Islanders,Nashville Predators,1,4,0.625,0.5,False
2022-12-02,Winnipeg Jets,Columbus Blue Jackets,1,4,0.667,0.333,False
2022-12-03,Minnesota Wild,Anaheim Ducks,5,4,0.5,0.25,True
2022-12-03,Edmonton Oilers,Montréal Canadiens,5,3,0.542,0.522,True
2022-12-03,Boston Bruins,Colorado Avalanche,5,1,0.864,0.619,True
2022-12-03,Philadelphia Flyers,New Jersey Devils,2,3,0.333,0.792,False
2022-12-03,Ottawa Senators,San Jose Sharks,5,2,0.391,0.308,True
2022-12-03,Pittsburgh Penguins,St. Louis Blues,6,2,0.5,0.478,True
2022-12-03,Tampa Bay Lightning,Toronto Maple Leafs,4,3,0.609,0.6,True
2022-12-03,Detroit Red Wings,Vegas Golden Knights,1,4,0.5,0.68,False
2022-12-03,New York Rangers,Chicago Blackhawks,2,5,0.44,0.273,False
2022-12-03,Vancouver Canucks,Arizona Coyotes,3,2,0.375,0.333,True
2022-12-03,Seattle Kraken,Florida Panthers,1,5,0.652,0.458,False
2022-12-03,Calgary Flames,Washington Capitals,5,2,0.435,0.4,True
2022-12-03,Los Angeles Kings,Carolina Hurricanes,2,4,0.5,0.542,False
2022-12-04,Winnipeg Jets,Anaheim Ducks,5,2,0.636,0.24,True
2022-12-04,Dallas Stars,Minnesota Wild,5,6,0.583,0.522,False
2022-12-04,Columbus Blue Jackets,Detroit Red Wings,2,4,0.364,0.478,False
2022-12-04,Buffalo Sabres,San Jose Sharks,6,3,0.417,0.296,True
2022-12-04,New York Islanders,Chicago Blackhawks,3,0,0.6,0.304,True
2022-12-05,Philadelphia Flyers,Colorado Avalanche,5,3,0.32,0.591,True
2022-12-05,New York Rangers,St. Louis Blues,6,4,0.423,0.458,True
2022-12-05,Boston Bruins,Vegas Golden Knights,3,4,0.87,0.692,False
2022-12-05,Edmonton Oilers,Washington Capitals,2,3,0.56,0.385,False
2022-12-05,Calgary Flames,Arizona Coyotes,3,2,0.458,0.318,True
2022-12-05,Vancouver Canucks,Montréal Canadiens,7,6,0.4,0.5,True
2022-12-06,New Jersey Devils,Chicago Blackhawks,3,0,0.8,0.292,True
2022-12-06,Pittsburgh Penguins,Columbus Blue Jackets,4,1,0.52,0.348,True
2022-12-06,Tampa Bay Lightning,Detroit Red Wings,2,4,0.625,0.5,False
2022-12-06,Ottawa Senators,Los Angeles Kings,2,5,0.417,0.481,False
2022-12-06,New York Islanders,St. Louis Blues,4,7,0.615,0.44,False
2022-12-06,Winnipeg Jets,Florida Panthers,5,2,0.652,0.48,True
2022-12-06,Dallas Stars,Toronto Maple Leafs,0,4,0.56,0.577,False
2022-12-06,Anaheim Ducks,Carolina Hurricanes,4,3,0.231,0.56,True
2022-12-06,Seattle Kraken,Montréal Canadiens,2,4,0.625,0.48,False
2022-12-07,Philadelphia Flyers,Washington Capitals,1,4,0.346,0.407,False
2022-12-07,Columbus Blue Jackets,Buffalo Sabres,4,9,0.333,0.44,False
2022-12-07,Calgary Flames,Minnesota Wild,5,3,0.48,0.542,True
2022-12-07,Colorado Avalanche,Boston Bruins,0,4,0.565,0.833,False
2022-12-07,Edmonton Oilers,Arizona Coyotes,8,2,0.538,0.304,True
2022-12-07,Vegas Golden Knights,New York Rangers,1,5,0.704,0.444,False
2022-12-07,San Jose Sharks,Vancouver Canucks,5,6,0.286,0.423,False
2022-12-08,Toronto Maple Leafs,Los Angeles Kings,5,0,0.593,0.5,True
2022-12-08,Tampa Bay Lightning,Nashville Predators,5,2,0.6,0.522,True
2022-12-08,Florida Panthers,Detroit Red Wings,5,1,0.462,0.52,True
2022-12-08,St. Louis Blues,Winnipeg Jets,2,5,0.462,0.667,False
2022-12-08,Dallas Stars,Ottawa Senators,4,3,0.538,0.4,True
2022-12-09,Columbus Blue Jackets,Calgary Flames,3,1,0.32,0.5,True
2022-12-09,New Jersey Devils,New York Islanders,4,6,0.808,0.593,False
2022-12-09,Buffalo Sabres,Pittsburgh Penguins,3,4,0.462,0.538,False
2022-12-09,Washington Capitals,Seattle Kraken,4,1,0.429,0.6,True
2022-12-09,Chicago Blackhawks,Winnipeg Jets,1,3,0.28,0.68,False
2022-12-09,Edmonton Oilers,Minnesota Wild,5,2,0.556,0.52,True
2022-12-09,Colorado Avalanche,New York Rangers,1,2,0.542,0.464,False
2022-12-09,Arizona Coyotes,Boston Bruins,4,3,0.292,0.84,True
2022-12-09,Vegas Golden Knights,Philadelphia Flyers,2,1,0.679,0.333,True
2022-12-09,Anaheim Ducks,San Jose Sharks,1,6,0.259,0.276,False
2022-12-10,Nashville Predators,Ottawa Senators,2,3,0.5,0.385,False
2022-12-10,Dallas Stars,Detroit Red Wings,3,2,0.556,0.5,True
2022-12-10,Tampa Bay Lightning,Florida Panthers,4,1,0.615,0.481,True
2022-12-10,Pittsburgh Penguins,Buffalo Sabres,3,1,0.556,0.444,True
2022-12-10,Toronto Maple Leafs,Calgary Flames,5,4,0.607,0.481,True
2022-12-10,Montréal Canadiens,Los Angeles Kings,2,4,0.5,0.483,False
2022-12-10,New York Islanders,Carolina Hurricanes,0,3,0.607,0.538,False
2022-12-10,Vancouver Canucks,Minnesota Wild,0,3,0.444,0.5,False
2022-12-11,St. Louis Blues,Colorado Avalanche,2,3,0.444,0.52,False
2022-12-11,Columbus Blue Jackets,Los Angeles Kings,6,5,0.346,0.5,True
2022-12-11,Florida Panthers,Seattle Kraken,2,5,0.464,0.577,False
2022-12-11,Arizona Coyotes,Philadelphia Flyers,5,4,0.32,0.321,True
2022-12-11,Winnipeg Jets,Washington Capitals,2,5,0.692,0.448,False
2022-12-11,Vegas Golden Knights,Boston Bruins,1,3,0.69,0.808,False
2022-12-12,Montréal Canadiens,Calgary Flames,2,1,0.481,0.464,True
2022-12-12,Pittsburgh Penguins,Dallas Stars,2,1,0.571,0.571,True
2022-12-12,New York Rangers,New Jersey Devils,4,3,0.483,0.778,True
2022-12-12,Ottawa Senators,Anaheim Ducks,3,0,0.407,0.25,True
2022-12-12,Minnesota Wild,Edmonton Oilers,2,1,0.519,0.571,True
2022-12-12,St. Louis Blues,Nashville Predators,1,0,0.429,0.48,True
2022-12-13,Toronto Maple Leafs,Anaheim Ducks,7,0,0.621,0.241,True
2022-12-13,Florida Panthers,Columbus Blue Jackets,4,0,0.448,0.37,True
2022-12-13,New Jersey Devils,Dallas Stars,1,4,0.75,0.552,False
2022-12-13,Buffalo Sabres,Los Angeles Kings,6,0,0.429,0.484,True
2022-12-13,Boston Bruins,New York Islanders,4,3,0.815,0.586,True
2022-12-13,Tampa Bay Lightning,Seattle Kraken,6,2,0.63,0.593,True
2022-12-13,Detroit Red Wings,Carolina Hurricanes,0,1,0.481,0.556,False
2022-12-13,Nashville Predators,Edmonton Oilers,3,6,0.462,0.552,False
2022-12-13,Winnipeg Jets,Vegas Golden Knights,5,6,0.667,0.667,False
2022-12-13,Colorado Avalanche,Philadelphia Flyers,3,2,0.538,0.31,True
2022-12-13,Chicago Blackhawks,Washington Capitals,3,7,0.269,0.467,False
2022-12-13,San Jose Sharks,Arizona Coyotes,3,2,0.3,0.346,True
2022-12-14,Ottawa Senators,Montréal Canadiens,3,2,0.429,0.5,True
2022-12-14,Minnesota Wild,Detroit Red Wings,4,1,0.536,0.464,True
2022-12-14,Calgary Flames,Vancouver Canucks,3,4,0.448,0.429,False
2022-12-15,Montréal Canadiens,Anaheim Ducks,2,5,0.483,0.233,False
2022-12-15,Tampa Bay Lightning,Columbus Blue Jackets,4,1,0.643,0.357,True
2022-12-15,Washington Capitals,Dallas Stars,1,2,0.484,0.567,False
2022-12-15,Boston Bruins,Los Angeles Kings,2,3,0.821,0.469,False
2022-12-15,New Jersey Devils,Philadelphia Flyers,1,2,0.724,0.3,False
2022-12-15,Florida Panthers,Pittsburgh Penguins,2,4,0.467,0.586,False
2022-12-15,Carolina Hurricanes,Seattle Kraken,3,2,0.571,0.571,True
2022-12-15,New York Rangers,Toronto Maple Leafs,3,1,0.5,0.633,True
2022-12-15,Winnipeg Jets,Nashville Predators,2,1,0.643,0.444,True
2022-12-15,Chicago Blackhawks,Vegas Golden Knights,1,4,0.259,0.677,False
2022-12-15,Colorado Avalanche,Buffalo Sabres,2,4,0.556,0.448,False
2022-12-15,Edmonton Oilers,St. Louis Blues,3,4,0.567,0.448,False
2022-12-16,Minnesota Wild,Chicago Blackhawks,4,1,0.552,0.25,True
2022-12-16,Calgary Flames,St. Louis Blues,2,5,0.433,0.467,False
2022-12-16,Arizona Coyotes,New York Islanders,5,4,0.333,0.567,True
2022-12-17,Boston Bruins,Columbus Blue Jackets,4,2,0.793,0.345,True
2022-12-17,Detroit Red Wings,Ottawa Senators,3,6,0.448,0.448,False
2022-12-17,Edmonton Oilers,Anaheim Ducks,3,4,0.548,0.258,False
2022-12-17,Carolina Hurricanes,Dallas Stars,5,4,0.586,0.581,True
2022-12-17,Philadelphia Flyers,New York Rangers,3,6,0.323,0.516,False
2022-12-17,Montréal Canadiens,Tampa Bay Lightning,1,5,0.467,0.655,False
2022-12-17,Washington Capitals,Toronto Maple Leafs,5,2,0.469,0.613,True
2022-12-17,New Jersey Devils,Florida Panthers,2,4,0.7,0.452,False
2022-12-17,Arizona Coyotes,Buffalo Sabres,2,5,0.357,0.467,False
2022-12-17,Colorado Avalanche,Nashville Predators,3,1,0.536,0.429,True
2022-12-17,Vegas Golden Knights,New York Islanders,2,5,0.688,0.548,False
2022-12-17,Vancouver Canucks,Winnipeg Jets,1,5,0.448,0.655,False
2022-12-17,Los Angeles Kings,San Jose Sharks,3,2,0.485,0.323,True
2022-12-18,Minnesota Wild,Ottawa Senators,4,2,0.567,0.467,True
2022-12-18,Carolina Hurricanes,Pittsburgh Penguins,3,2,0.6,0.6,True
2022-12-18,Chicago Blackhawks,New York Rangers,1,7,0.241,0.531,False
2022-12-18,Seattle Kraken,Winnipeg Jets,3,2,0.552,0.667,True
2022-12-18,San Jose Sharks,Calgary Flames,2,5,0.312,0.419,False
2022-12-19,Columbus Blue Jackets,Dallas Stars,1,2,0.333,0.562,False
2022-12-19,Washington Capitals,Detroit Red Wings,4,3,0.485,0.433,True
2022-12-19,Boston Bruins,Florida Panthers,7,3,0.8,0.469,True
2022-12-19,Nashville Predators,Edmonton Oilers,4,3,0.414,0.531,True
2022-12-19,Colorado Avalanche,New York Islanders,1,0,0.552,0.562,True
2022-12-19,Vegas Golden Knights,Buffalo Sabres,2,3,0.667,0.484,False
2022-12-19,Arizona Coyotes,Montréal Canadiens,2,3,0.345,0.452,False
2022-12-19,Vancouver Canucks,St. Louis Blues,1,5,0.433,0.484,False
2022-12-20,Philadelphia Flyers,Columbus Blue Jackets,5,3,0.312,0.323,True
2022-12-20,Pittsburgh Penguins,New York Rangers,3,2,0.581,0.545,True
2022-12-20,Carolina Hurricanes,New Jersey Devils,4,1,0.613,0.677,True
2022-12-20,Toronto Maple Leafs,Tampa Bay Lightning,4,1,0.594,0.667,True
2022-12-20,Winnipeg Jets,Ottawa Senators,5,1,0.645,0.452,True
2022-12-20,Seattle Kraken,St. Louis Blues,5,2,0.567,0.5,True
2022-12-20,Los Angeles Kings,Anaheim Ducks,4,1,0.5,0.281,True
2022-12-20,San Jose Sharks,Calgary Flames,3,7,0.303,0.438,False
2022-12-21,Florida Panthers,New Jersey Devils,2,4,0.455,0.656,False
2022-12-21,Detroit Red Wings,Tampa Bay Lightning,7,4,0.419,0.645,True
2022-12-21,Colorado Avalanche,Montréal Canadiens,2,1,0.567,0.469,True
2022-12-21,Chicago Blackhawks,Nashville Predators,2,4,0.233,0.433,False
2022-12-21,Dallas Stars,Edmonton Oilers,3,6,0.576,0.515,False
2022-12-21,Vegas Golden Knights,Arizona Coyotes,5,2,0.647,0.333,True
2022-12-21,Anaheim Ducks,Minnesota Wild,1,4,0.273,0.581,False
2022-12-22,Toronto Maple Leafs,Philadelphia Flyers,4,3,0.606,0.333,True
2022-12-22,Pittsburgh Penguins,Carolina Hurricanes,3,4,0.594,0.625,False
2022-12-22,New York Rangers,New York Islanders,5,3,0.529,0.545,True
2022-12-22,Ottawa Senators,Washington Capitals,2,3,0.438,0.5,False
2022-12-22,Boston Bruins,Winnipeg Jets,3,2,0.806,0.656,True
2022-12-22,Vancouver Canucks,Seattle Kraken,6,5,0.419,0.581,True
2022-12-22,Los Angeles Kings,Calgary Flames,4,3,0.514,0.455,True
2022-12-22,San Jose Sharks,Minnesota Wild,5,2,0.294,0.594,True
2022-12-23,New Jersey Devils,Boston Bruins,3,4,0.667,0.812,False
2022-12-23,Carolina Hurricanes,Philadelphia Flyers,6,5,0.636,0.324,True
2022-12-23,Washington Capitals,Winnipeg Jets,4,1,0.514,0.636,True
2022-12-23,New York Islanders,Florida Panthers,5,1,0.529,0.441,True
2022-12-23,Nashville Predators,Colorado Avalanche,2,3,0.452,0.581,False
2022-12-23,Dallas Stars,Montréal Canadiens,4,2,0.559,0.455,True
2022-12-23,Chicago Blackhawks,Columbus Blue Jackets,5,2,0.226,0.312,True
2022-12-23,Edmonton Oilers,Vancouver Canucks,2,5,0.529,0.438,False
2022-12-23,Arizona Coyotes,Los Angeles Kings,2,1,0.323,0.528,True
2022-12-23,Vegas Golden Knights,St. Louis Blues,5,4,0.657,0.485,True
2022-12-23,Anaheim Ducks,Calgary Flames,2,3,0.265,0.441,False
2022-12-27,Ottawa Senators,Boston Bruins,3,2,0.424,0.818,True
2022-12-27,Carolina Hurricanes,Chicago Blackhawks,3,0,0.647,0.25,True
2022-12-27,New York Rangers,Washington Capitals,0,4,0.543,0.528,False
2022-12-27,New York Islanders,Pittsburgh Penguins,5,1,0.543,0.576,True
2022-12-27,Nashville Predators,Dallas Stars,2,3,0.438,0.571,False
2022-12-27,Winnipeg Jets,Minnesota Wild,1,4,0.618,0.576,False
2022-12-27,St. Louis Blues,Toronto Maple Leafs,4,5,0.471,0.618,False
2022-12-27,Arizona Coyotes,Colorado Avalanche,6,3,0.344,0.594,True
2022-12-27,Calgary Flames,Edmonton Oilers,1,2,0.457,0.514,False
2022-12-27,Vancouver Canucks,San Jose Sharks,6,2,0.455,0.314,True
2022-12-27,Los Angeles Kings,Vegas Golden Knights,4,2,0.514,0.667,True
2022-12-28,Tampa Bay Lightning,Montréal Canadiens,4,1,0.625,0.441,True
2022-12-28,New Jersey Devils,Boston Bruins,1,3,0.647,0.794,False
2022-12-28,Pittsburgh Penguins,Detroit Red Wings,4,5,0.559,0.438,False
2022-12-28,Seattle Kraken,Calgary Flames,2,3,0.562,0.444,False
2022-12-28,Anaheim Ducks,Vegas Golden Knights,3,2,0.257,0.649,True
2022-12-29,Buffalo Sabres,Detroit Red Wings,6,3,0.5,0.455,True
2022-12-29,Florida Panthers,Montréal Canadiens,7,2,0.429,0.429,True
2022-12-29,Tampa Bay Lightning,New York Rangers,2,1,0.636,0.528,True
2022-12-29,Washington Capitals,Ottawa Senators,3,4,0.541,0.441,False
2022-12-29,New York Islanders,Columbus Blue Jackets,2,1,0.556,0.303,True
2022-12-29,St. Louis Blues,Chicago Blackhawks,3,1,0.457,0.242,True
2022-12-29,Minnesota Wild,Dallas Stars,1,4,0.588,0.583,False
2022-12-29,Winnipeg Jets,Vancouver Canucks,4,2,0.6,0.471,True
2022-12-29,Colorado Avalanche,Los Angeles Kings,4,5,0.576,0.526,False
2022-12-29,Arizona Coyotes,Toronto Maple Leafs,6,3,0.364,0.629,True
2022-12-29,San Jose Sharks,Philadelphia Flyers,3,4,0.306,0.314,False
2022-12-30,Anaheim Ducks,Nashville Predators,1,6,0.278,0.424,False
2022-12-30,Pittsburgh Penguins,New Jersey Devils,2,4,0.543,0.629,False
2022-12-30,Carolina Hurricanes,Florida Panthers,4,0,0.657,0.444,True
2022-12-30,Seattle Kraken,Edmonton Oilers,2,7,0.545,0.528,False
2022-12-31,Boston Bruins,Buffalo Sabres,3,4,0.8,0.515,False
2022-12-31,Columbus Blue Jackets,Chicago Blackhawks,4,1,0.294,0.235,True
2022-12-31,Vegas Golden Knights,Nashville Predators,5,4,0.632,0.441,True
2022-12-31,Los Angeles Kings,Philadelphia Flyers,2,4,0.538,0.333,False
2022-12-31,Washington Capitals,Montréal Canadiens,9,2,0.526,0.417,True
2022-12-31,Tampa Bay Lightning,Arizona Coyotes,5,3,0.647,0.382,True
2022-12-31,St. Louis Blues,Minnesota Wild,2,5,0.472,0.571,False
2022-12-31,Colorado Avalanche,Toronto Maple Leafs,2,6,0.559,0.611,False
2022-12-31,Detroit Red Wings,Ottawa Senators,4,2,0.441,0.457,True
2022-12-31,Dallas Stars,San Jose Sharks,5,2,0.595,0.297,True
2022-12-31,Calgary Flames,Vancouver Canucks,3,2,0.459,0.457,True
2022-12-31,Edmonton Oilers,Winnipeg Jets,1,2,0.541,0.611,False
2023-01-01,New Jersey Devils,Carolina Hurricanes,4,5,0.639,0.667,False
2023-01-01,Florida Panthers,New York Rangers,3,5,0.432,0.514,False
2023-01-01,Chicago Blackhawks,San Jose Sharks,2,5,0.229,0.289,False
2023-01-01,Ottawa Senators,Buffalo Sabres,3,1,0.444,0.529,True
2023-01-01,Seattle Kraken,New York Islanders,4,1,0.529,0.568,True
2023-01-02,Boston Bruins,Pittsburgh Penguins,2,1,0.778,0.528,True
2023-01-02,Colorado Avalanche,Vegas Golden Knights,2,3,0.543,0.641,False
2023-01-02,Anaheim Ducks,Philadelphia Flyers,1,4,0.27,0.351,False
2023-01-03,Florida Panthers,Arizona Coyotes,5,3,0.421,0.371,True
2023-01-03,Washington Capitals,Buffalo Sabres,4,5,0.538,0.514,False
2023-01-03,New York Rangers,Carolina Hurricanes,5,3,0.526,0.676,True
2023-01-03,Ottawa Senators,Columbus Blue Jackets,4,0,0.459,0.314,True
2023-01-03,Toronto Maple Leafs,St. Louis Blues,5,6,0.622,0.459,False
2023-01-03,Winnipeg Jets,Calgary Flames,3,2,0.622,0.474,True
2023-01-03,Nashville Predators,Montréal Canadiens,6,3,0.429,0.405,True
2023-01-03,Chicago Blackhawks,Tampa Bay Lightning,1,4,0.222,0.657,False
2023-01-03,Edmonton Oilers,Seattle Kraken,2,5,0.526,0.543,False
2023-01-03,Vancouver Canucks,New York Islanders,2,6,0.444,0.553,False
2023-01-03,Los Angeles Kings,Dallas Stars,3,2,0.525,0.605,True
2023-01-04,Detroit Red Wings,New Jersey Devils,1,5,0.457,0.622,False
2023-01-04,Minnesota Wild,Tampa Bay Lightning,5,1,0.583,0.667,True
2023-01-04,Anaheim Ducks,Dallas Stars,2,0,0.263,0.59,True
2023-01-05,Philadelphia Flyers,Arizona Coyotes,6,2,0.368,0.361,True
2023-01-05,Montréal Canadiens,New York Rangers,1,4,0.395,0.538,False
2023-01-05,Carolina Hurricanes,Nashville Predators,3,5,0.658,0.444,False
2023-01-05,Toronto Maple Leafs,Seattle Kraken,1,5,0.605,0.556,False
2023-01-05,New Jersey Devils,St. Louis Blues,3,5,0.632,0.474,False
2023-01-05,Columbus Blue Jackets,Washington Capitals,2,6,0.306,0.525,False
2023-01-05,Edmonton Oilers,New York Islanders,4,2,0.513,0.564,True
2023-01-05,Vancouver Canucks,Colorado Avalanche,4,2,0.432,0.528,True
2023-01-05,Vegas Golden Knights,Pittsburgh Penguins,5,2,0.65,0.514,True
2023-01-05,Los Angeles Kings,Boston Bruins,2,5,0.537,0.784,False
2023-01-06,Washington Capitals,Nashville Predators,2,3,0.537,0.459,False
2023-01-06,Detroit Red Wings,Florida Panthers,2,3,0.444,0.436,False
2023-01-06,Winnipeg Jets,Tampa Bay Lightning,4,2,0.632,0.649,True
2023-01-06,Chicago Blackhawks,Arizona Coyotes,2,0,0.216,0.351,True
2023-01-06,Calgary Flames,New York Islanders,4,1,0.462,0.55,True
2023-01-06,Anaheim Ducks,San Jose Sharks,5,4,0.282,0.308,True
2023-01-07,New Jersey Devils,New York Rangers,4,3,0.615,0.55,True
2023-01-07,Columbus Blue Jackets,Carolina Hurricanes,4,3,0.297,0.641,True
2023-01-07,Toronto Maple Leafs,Detroit Red Wings,4,1,0.59,0.432,True
2023-01-07,Buffalo Sabres,Minnesota Wild,6,5,0.528,0.595,True
2023-01-07,Ottawa Senators,Seattle Kraken,4,8,0.474,0.568,False
2023-01-07,Montréal Canadiens,St. Louis Blues,5,4,0.385,0.487,True
2023-01-07,Vegas Golden Knights,Los Angeles Kings,1,5,0.659,0.524,False
2023-01-07,Edmonton Oilers,Colorado Avalanche,2,3,0.525,0.514,False
2023-01-07,San Jose Sharks,Boston Bruins,2,4,0.3,0.789,False
2023-01-08,Winnipeg Jets,Vancouver Canucks,7,4,0.641,0.447,True
2023-01-08,Dallas Stars,Florida Panthers,5,1,0.575,0.45,True
2023-01-08,Washington Capitals,Columbus Blue Jackets,1,0,0.524,0.316,True
2023-01-08,Arizona Coyotes,Pittsburgh Penguins,1,4,0.342,0.5,False
2023-01-08,Chicago Blackhawks,Calgary Flames,4,3,0.237,0.475,True
2023-01-08,Minnesota Wild,St. Louis Blues,0,3,0.579,0.475,False
2023-01-08,Philadelphia Flyers,Toronto Maple Leafs,2,6,0.385,0.6,False
2023-01-08,Anaheim Ducks,Boston Bruins,1,7,0.3,0.795,False
2023-01-09,Buffalo Sabres,Philadelphia Flyers,0,4,0.541,0.375,False
2023-01-09,Ottawa Senators,Nashville Predators,0,3,0.462,0.474,False
2023-01-09,Montréal Canadiens,Seattle Kraken,0,4,0.4,0.579,False
2023-01-09,Los Angeles Kings,Edmonton Oilers,6,3,0.535,0.512,True
2023-01-10,Tampa Bay Lightning,Columbus Blue Jackets,6,3,0.632,0.308,True
2023-01-10,New York Rangers,Minnesota Wild,4,3,0.537,0.564,True
2023-01-10,Carolina Hurricanes,New Jersey Devils,3,5,0.625,0.625,False
2023-01-10,Buffalo Sabres,Seattle Kraken,3,4,0.526,0.59,False
2023-01-10,Pittsburgh Penguins,Vancouver Canucks,5,4,0.513,0.436,True
2023-01-10,Detroit Red Wings,Winnipeg Jets,7,5,0.421,0.65,True
2023-01-10,New York Islanders,Dallas Stars,1,2,0.537,0.585,False
2023-01-10,St. Louis Blues,Calgary Flames,4,3,0.488,0.463,True
2023-01-10,Arizona Coyotes,San Jose Sharks,2,4,0.333,0.293,False
2023-01-10,Colorado Avalanche,Florida Panthers,4,5,0.526,0.439,False
2023-01-11,Philadelphia Flyers,Washington Capitals,5,3,0.39,0.535,True
2023-01-11,Toronto Maple Leafs,Nashville Predators,2,1,0.61,0.487,True
2023-01-11,Anaheim Ducks,Edmonton Oilers,2,6,0.293,0.5,False
2023-01-11,Los Angeles Kings,San Jose Sharks,4,3,0.545,0.31,True
2023-01-12,Columbus Blue Jackets,Carolina Hurricanes,2,6,0.3,0.61,False
2023-01-12,New York Rangers,Dallas Stars,2,1,0.548,0.595,True
2023-01-12,Montréal Canadiens,Nashville Predators,4,3,0.39,0.475,True
2023-01-12,Boston Bruins,Seattle Kraken,0,3,0.8,0.6,False
2023-01-12,Detroit Red Wings,Toronto Maple Leafs,4,1,0.436,0.619,True
2023-01-12,Tampa Bay Lightning,Vancouver Canucks,5,4,0.641,0.425,True
2023-01-12,Buffalo Sabres,Winnipeg Jets,2,4,0.513,0.634,False
2023-01-12,New York Islanders,Minnesota Wild,1,3,0.524,0.55,False
2023-01-12,St. Louis Blues,Calgary Flames,1,4,0.5,0.452,False
2023-01-12,Chicago Blackhawks,Colorado Avalanche,3,2,0.256,0.513,True
2023-01-12,Arizona Coyotes,Ottawa Senators,3,5,0.325,0.45,False
2023-01-12,Vegas Golden Knights,Florida Panthers,4,2,0.643,0.452,True
2023-01-13,Pittsburgh Penguins,Winnipeg Jets,1,4,0.525,0.643,False
2023-01-13,Anaheim Ducks,New Jersey Devils,2,6,0.286,0.634,False
2023-01-13,San Jose Sharks,Edmonton Oilers,1,7,0.302,0.512,False
2023-01-14,Dallas Stars,Calgary Flames,5,6,0.581,0.465,False
2023-01-14,Colorado Avalanche,Ottawa Senators,7,0,0.5,0.463,True
2023-01-14,Detroit Red Wings,Columbus Blue Jackets,3,4,0.45,0.293,False
2023-01-14,New York Islanders,Montréal Canadiens,2,1,0.512,0.405,True
2023-01-14,Washington Capitals,Philadelphia Flyers,1,3,0.523,0.405,False
2023-01-14,Carolina Hurricanes,Pittsburgh Penguins,2,1,0.619,0.512,True
2023-01-14,Boston Bruins,Toronto Maple Leafs,4,3,0.78,0.605,True
2023-01-14,Florida Panthers,Vancouver Canucks,4,3,0.442,0.415,True
2023-01-14,Minnesota Wild,Arizona Coyotes,2,1,0.561,0.317,True
2023-01-14,Nashville Predators,Buffalo Sabres,3,5,0.463,0.5,False
2023-01-14,Chicago Blackhawks,Seattle Kraken,5,8,0.275,0.61,False
2023-01-14,St. Louis Blues,Tampa Bay Lightning,2,4,0.488,0.65,False
2023-01-14,Vegas Golden Knights,Edmonton Oilers,3,4,0.651,0.523,False
2023-01-14,Los Angeles Kings,New Jersey Devils,2,5,0.556,0.643,False
2023-01-15,New York Rangers,Montréal Canadiens,1,2,0.558,0.395,False
2023-01-15,Carolina Hurricanes,Vancouver Canucks,3,4,0.628,0.405,False
2023-01-15,Winnipeg Jets,Arizona Coyotes,2,1,0.651,0.31,True
2023-01-16,Buffalo Sabres,Florida Panthers,1,4,0.512,0.455,False
2023-01-16,Boston Bruins,Philadelphia Flyers,6,0,0.786,0.419,True
2023-01-16,Colorado Avalanche,Detroit Red Wings,6,3,0.512,0.439,True
2023-01-16,San Jose Sharks,New Jersey Devils,3,4,0.295,0.651,False
2023-01-16,Seattle Kraken,Tampa Bay Lightning,1,4,0.619,0.659,False
2023-01-16,Vegas Golden Knights,Dallas Stars,0,4,0.636,0.568,False
2023-01-16,Pittsburgh Penguins,Anaheim Ducks,4,3,0.5,0.279,True
2023-01-16,Columbus Blue Jackets,New York Rangers,1,3,0.31,0.545,False
2023-01-16,New York Islanders,Washington Capitals,3,4,0.523,0.511,False
2023-01-16,Nashville Predators,Calgary Flames,2,1,0.452,0.477,True
2023-01-16,St. Louis Blues,Ottawa Senators,2,1,0.477,0.452,True
2023-01-17,Philadelphia Flyers,Anaheim Ducks,5,2,0.409,0.273,True
2023-01-17,Toronto Maple Leafs,Florida Panthers,5,4,0.591,0.467,True
2023-01-17,Washington Capitals,Minnesota Wild,2,4,0.522,0.571,False
2023-01-17,Montréal Canadiens,Winnipeg Jets,4,1,0.409,0.659,True
2023-01-17,Nashville Predators,Columbus Blue Jackets,2,1,0.465,0.302,True
2023-01-17,Chicago Blackhawks,Buffalo Sabres,4,3,0.268,0.5,True
2023-01-17,Arizona Coyotes,Detroit Red Wings,4,3,0.302,0.429,True
2023-01-17,Edmonton Oilers,Seattle Kraken,5,2,0.533,0.605,True
2023-01-18,Ottawa Senators,Pittsburgh Penguins,5,4,0.442,0.512,True
2023-01-18,New York Islanders,Boston Bruins,1,4,0.511,0.791,False
2023-01-18,Calgary Flames,Colorado Avalanche,1,4,0.467,0.524,False
2023-01-18,Vancouver Canucks,Tampa Bay Lightning,2,5,0.419,0.667,False
2023-01-18,San Jose Sharks,Dallas Stars,5,3,0.289,0.578,True
2023-01-19,Columbus Blue Jackets,Anaheim Ducks,3,5,0.295,0.267,False
2023-01-19,New York Rangers,Boston Bruins,1,3,0.556,0.795,False
2023-01-19,Philadelphia Flyers,Chicago Blackhawks,1,4,0.422,0.286,False
2023-01-19,Montréal Canadiens,Florida Panthers,2,6,0.422,0.457,False
2023-01-19,Carolina Hurricanes,Minnesota Wild,5,2,0.614,0.581,True
2023-01-19,Toronto Maple Leafs,Winnipeg Jets,4,1,0.6,0.644,True
2023-01-19,Buffalo Sabres,New York Islanders,3,2,0.488,0.5,True
2023-01-19,St. Louis Blues,Nashville Predators,5,2,0.489,0.477,True
2023-01-19,Edmonton Oilers,Tampa Bay Lightning,5,3,0.543,0.674,True
2023-01-19,Arizona Coyotes,Washington Capitals,0,4,0.318,0.511,False
2023-01-19,Vegas Golden Knights,Detroit Red Wings,2,3,0.622,0.419,False
2023-01-19,Seattle Kraken,New Jersey Devils,4,3,0.591,0.659,True
2023-01-19,Los Angeles Kings,Dallas Stars,0,4,0.543,0.565,False
2023-01-20,Pittsburgh Penguins,Ottawa Senators,4,1,0.5,0.455,True
2023-01-20,Vancouver Canucks,Colorado Avalanche,1,4,0.409,0.535,False
2023-01-21,Buffalo Sabres,Anaheim Ducks,6,3,0.5,0.283,True
2023-01-21,Calgary Flames,Tampa Bay Lightning,6,3,0.457,0.659,True
2023-01-21,Florida Panthers,Minnesota Wild,5,3,0.468,0.568,True
2023-01-21,Detroit Red Wings,Philadelphia Flyers,1,2,0.432,0.413,False
2023-01-21,Columbus Blue Jackets,San Jose Sharks,5,3,0.289,0.304,True
2023-01-21,Montréal Canadiens,Toronto Maple Leafs,3,2,0.413,0.609,True
2023-01-21,Ottawa Senators,Winnipeg Jets,1,5,0.444,0.63,False
2023-01-21,New York Islanders,Carolina Hurricanes,2,5,0.489,0.622,False
2023-01-21,Dallas Stars,Arizona Coyotes,4,0,0.574,0.311,True
2023-01-21,St. Louis Blues,Chicago Blackhawks,3,5,0.5,0.302,False
2023-01-21,Nashville Predators,Los Angeles Kings,5,3,0.467,0.532,True
2023-01-21,Seattle Kraken,Colorado Avalanche,1,2,0.6,0.545,False
2023-01-21,Vancouver Canucks,Edmonton Oilers,2,4,0.4,0.553,False
2023-01-21,Vegas Golden Knights,Washington Capitals,6,2,0.609,0.521,True
2023-01-22,New Jersey Devils,Pittsburgh Penguins,2,1,0.644,0.511,True
2023-01-22,Chicago Blackhawks,Los Angeles Kings,1,2,0.318,0.521,False
2023-01-22,Boston Bruins,San Jose Sharks,4,0,0.8,0.298,True
2023-01-22,Philadelphia Flyers,Winnipeg Jets,3,5,0.426,0.638,False
2023-01-22,Arizona Coyotes,Vegas Golden Knights,4,1,0.304,0.617,True
2023-01-23,New York Rangers,Florida Panthers,6,2,0.543,0.479,True
2023-01-23,Toronto Maple Leafs,New York Islanders,5,2,0.596,0.479,True
2023-01-23,Dallas Stars,Buffalo Sabres,2,3,0.583,0.511,False
2023-01-23,Calgary Flames,Columbus Blue Jackets,4,3,0.468,0.304,True
2023-01-24,Montréal Canadiens,Boston Bruins,2,4,0.426,0.804,False
2023-01-24,Pittsburgh Penguins,Florida Panthers,7,6,0.5,0.469,True
2023-01-24,Philadelphia Flyers,Los Angeles Kings,3,4,0.417,0.531,False
2023-01-24,Tampa Bay Lightning,Minnesota Wild,4,2,0.644,0.556,True
2023-01-24,Detroit Red Wings,San Jose Sharks,3,2,0.422,0.292,True
2023-01-24,New Jersey Devils,Vegas Golden Knights,3,2,0.652,0.604,True
2023-01-24,St. Louis Blues,Buffalo Sabres,3,5,0.489,0.522,False
2023-01-24,Nashville Predators,Winnipeg Jets,2,1,0.478,0.646,True
2023-01-24,Arizona Coyotes,Anaheim Ducks,2,5,0.319,0.277,False
2023-01-24,Colorado Avalanche,Washington Capitals,3,2,0.556,0.51,True
2023-01-24,Vancouver Canucks,Chicago Blackhawks,5,2,0.391,0.311,True
2023-01-25,Ottawa Senators,New York Islanders,2,1,0.435,0.469,True
2023-01-25,Toronto Maple Leafs,New York Rangers,3,2,0.604,0.553,True
2023-01-25,Dallas Stars,Carolina Hurricanes,2,3,0.571,0.63,False
2023-01-25,Edmonton Oilers,Columbus Blue Jackets,2,3,0.562,0.298,False
2023-01-25,Seattle Kraken,Vancouver Canucks,6,1,0.587,0.404,True
2023-01-26,Tampa Bay Lightning,Boston Bruins,3,2,0.652,0.809,True
2023-01-26,Montréal Canadiens,Detroit Red Wings,3,4,0.417,0.435,False
2023-01-26,Washington Capitals,Pittsburgh Penguins,3,2,0.5,0.511,True
2023-01-26,Winnipeg Jets,Buffalo Sabres,2,3,0.633,0.532,False
2023-01-26,Nashville Predators,New Jersey Devils,6,4,0.489,0.66,True
2023-01-26,Minnesota Wild,Philadelphia Flyers,3,2,0.543,0.408,True
2023-01-26,Colorado Avalanche,Anaheim Ducks,3,5,0.565,0.292,False
2023-01-26,Calgary Flames,Chicago Blackhawks,1,5,0.479,0.304,False
2023-01-26,Arizona Coyotes,St. Louis Blues,5,0,0.312,0.479,True
2023-01-27,New York Islanders,Detroit Red Wings,2,0,0.46,0.447,True
2023-01-27,Florida Panthers,Los Angeles Kings,3,4,0.46,0.54,False
2023-01-27,Toronto Maple Leafs,Ottawa Senators,2,6,0.612,0.447,False
2023-01-27,Carolina Hurricanes,San Jose Sharks,5,4,0.638,0.286,True
2023-01-27,New York Rangers,Vegas Golden Knights,4,1,0.542,0.592,True
2023-01-27,Dallas Stars,New Jersey Devils,2,3,0.56,0.646,False
2023-01-27,Seattle Kraken,Calgary Flames,2,5,0.596,0.469,False
2023-01-27,Vancouver Canucks,Columbus Blue Jackets,5,2,0.396,0.312,True
2023-01-28,Colorado Avalanche,St. Louis Blues,4,2,0.553,0.469,True
2023-01-28,Florida Panthers,Boston Bruins,4,3,0.451,0.792,True
2023-01-28,Winnipeg Jets,Philadelphia Flyers,0,4,0.62,0.4,False
2023-01-28,Tampa Bay Lightning,Los Angeles Kings,5,2,0.66,0.549,True
2023-01-28,Ottawa Senators,Montréal Canadiens,5,0,0.458,0.408,True
2023-01-28,Pittsburgh Penguins,San Jose Sharks,4,6,0.5,0.28,False
2023-01-28,New York Islanders,Vegas Golden Knights,2,1,0.471,0.58,True
2023-01-28,Minnesota Wild,Buffalo Sabres,3,2,0.553,0.542,True
2023-01-28,Seattle Kraken,Columbus Blue Jackets,3,1,0.583,0.306,True
2023-01-28,Edmonton Oilers,Chicago Blackhawks,7,3,0.551,0.319,True
2023-01-28,Anaheim Ducks,Arizona Coyotes,2,1,0.306,0.327,True
2023-01-29,Carolina Hurricanes,Boston Bruins,4,1,0.646,0.776,True
2023-01-29,Toronto Maple Leafs,Washington Capitals,5,1,0.6,0.51,True
2023-01-30,Winnipeg Jets,St. Louis Blues,4,2,0.608,0.46,True
2023-01-31,Carolina Hurricanes,Los Angeles Kings,5,4,0.653,0.538,True
2023-01-31,Montréal Canadiens,Ottawa Senators,4,5,0.4,0.469,False
2023-01-31,Columbus Blue Jackets,Washington Capitals,3,4,0.3,0.5,False
2023-02-01,Buffalo Sabres,Carolina Hurricanes,1,5,0.531,0.66,False
2023-02-01,Toronto Maple Leafs,Boston Bruins,2,5,0.608,0.76,False
2023-02-06,Philadelphia Flyers,New York Islanders,1,2,0.412,0.481,False
2023-02-06,Florida Panthers,Tampa Bay Lightning,7,1,0.462,0.667,True
2023-02-06,New York Rangers,Calgary Flames,5,4,0.551,0.48,True
2023-02-06,New Jersey Devils,Vancouver Canucks,5,4,0.653,0.408,True
2023-02-06,Dallas Stars,Anaheim Ducks,3,2,0.549,0.32,True
2023-02-06,Arizona Coyotes,Minnesota Wild,3,2,0.32,0.562,True
2023-02-07,Pittsburgh Penguins,Colorado Avalanche,2,1,0.49,0.562,True
2023-02-07,Tampa Bay Lightning,San Jose Sharks,3,4,0.653,0.294,False
2023-02-07,Detroit Red Wings,Edmonton Oilers,2,5,0.438,0.56,False
2023-02-07,New York Islanders,Seattle Kraken,4,0,0.491,0.592,True
2023-02-07,Nashville Predators,Vegas Golden Knights,1,5,0.5,0.569,False
2023-02-07,Chicago Blackhawks,Anaheim Ducks,2,3,0.312,0.314,False
2023-02-08,New York Rangers,Vancouver Canucks,4,3,0.56,0.4,True
2023-02-08,Dallas Stars,Minnesota Wild,4,1,0.558,0.551,True
2023-02-09,Tampa Bay Lightning,Colorado Avalanche,5,0,0.64,0.551,True
2023-02-09,Philadelphia Flyers,Edmonton Oilers,2,1,0.404,0.569,True
2023-02-09,Florida Panthers,San Jose Sharks,4,1,0.472,0.308,True
2023-02-09,New Jersey Devils,Seattle Kraken,3,1,0.66,0.58,True
2023-02-09,Detroit Red Wings,Calgary Flames,2,1,0.429,0.471,True
2023-02-09,New York Islanders,Vancouver Canucks,5,6,0.5,0.392,False
2023-02-09,Minnesota Wild,Vegas Golden Knights,1,5,0.54,0.577,False
2023-02-10,New York Rangers,Seattle Kraken,6,3,0.569,0.569,True
2023-02-10,Columbus Blue Jackets,Toronto Maple Leafs,0,3,0.294,0.596,False
2023-02-10,Chicago Blackhawks,Arizona Coyotes,4,3,0.306,0.333,True
2023-02-10,Anaheim Ducks,Pittsburgh Penguins,3,6,0.327,0.5,False
2023-02-11,Detroit Red Wings,Vancouver Canucks,5,2,0.44,0.404,True
2023-02-11,Buffalo Sabres,Calgary Flames,2,7,0.52,0.462,False
2023-02-11,Ottawa Senators,Edmonton Oilers,3,6,0.48,0.558,False
2023-02-11,Montréal Canadiens,New York Islanders,4,3,0.392,0.491,True
2023-02-11,Philadelphia Flyers,Nashville Predators,1,2,0.415,0.49,False
2023-02-11,Dallas Stars,Tampa Bay Lightning,1,3,0.566,0.647,False
2023-02-11,Boston Bruins,Washington Capitals,1,2,0.765,0.509,False
2023-02-11,Florida Panthers,Colorado Avalanche,3,5,0.481,0.54,False
2023-02-11,Toronto Maple Leafs,Columbus Blue Jackets,3,4,0.604,0.288,False
2023-02-11,Carolina Hurricanes,New York Rangers,2,6,0.667,0.577,False
2023-02-11,St. Louis Blues,Arizona Coyotes,6,5,0.451,0.327,True
2023-02-11,Minnesota Wild,New Jersey Devils,3,2,0.529,0.667,True
2023-02-11,Winnipeg Jets,Chicago Blackhawks,4,1,0.615,0.32,True
2023-02-11,Los Angeles Kings,Pittsburgh Penguins,6,0,0.528,0.51,True
2023-02-12,Montréal Canadiens,Edmonton Oilers,6,2,0.404,0.566,True
2023-02-12,Philadelphia Flyers,Seattle Kraken,3,4,0.407,0.558,False
2023-02-12,Washington Capitals,San Jose Sharks,1,4,0.519,0.302,False
2023-02-12,Vegas Golden Knights,Anaheim Ducks,7,2,0.585,0.321,True
2023-02-13,Ottawa Senators,Calgary Flames,4,3,0.471,0.472,True
2023-02-13,Nashville Predators,Arizona Coyotes,2,4,0.5,0.321,False
2023-02-13,Minnesota Wild,Florida Panthers,1,2,0.538,0.473,False
2023-02-13,Vancouver Canucks,Detroit Red Wings,1,6,0.396,0.451,False
2023-02-13,Los Angeles Kings,Buffalo Sabres,5,2,0.537,0.51,True
2023-02-14,Washington Capitals,Carolina Hurricanes,2,3,0.509,0.654,False
2023-02-14,Montréal Canadiens,Chicago Blackhawks,4,0,0.415,0.314,True
2023-02-14,Columbus Blue Jackets,New Jersey Devils,2,3,0.302,0.654,False
2023-02-14,New York Islanders,Ottawa Senators,2,3,0.482,0.481,False
2023-02-14,St. Louis Blues,Florida Panthers,6,2,0.462,0.482,True
2023-02-14,Winnipeg Jets,Seattle Kraken,3,2,0.623,0.566,True
2023-02-14,Dallas Stars,Boston Bruins,2,3,0.556,0.75,False
2023-02-14,Colorado Avalanche,Tampa Bay Lightning,3,4,0.549,0.654,False
2023-02-14,San Jose Sharks,Pittsburgh Penguins,1,3,0.315,0.5,False
2023-02-15,Toronto Maple Leafs,Chicago Blackhawks,5,2,0.593,0.308,True
2023-02-15,Arizona Coyotes,Tampa Bay Lightning,1,0,0.333,0.66,True
2023-02-15,Edmonton Oilers,Detroit Red Wings,4,5,0.556,0.462,False
2023-02-15,Minnesota Wild,Colorado Avalanche,2,3,0.528,0.538,False
2023-02-15,Anaheim Ducks,Buffalo Sabres,3,7,0.315,0.5,False
2023-02-15,Vancouver Canucks,New York Rangers,4,6,0.389,0.585,False
2023-02-16,Washington Capitals,Florida Panthers,3,6,0.5,0.474,False
2023-02-16,Carolina Hurricanes,Montréal Canadiens,6,2,0.66,0.426,True
2023-02-16,Columbus Blue Jackets,Winnipeg Jets,3,1,0.296,0.63,True
2023-02-16,Nashville Predators,Boston Bruins,0,5,0.49,0.755,False
2023-02-16,Calgary Flames,Detroit Red Wings,2,5,0.463,0.472,False
2023-02-16,St. Louis Blues,New Jersey Devils,4,2,0.472,0.66,True
2023-02-16,Seattle Kraken,Philadelphia Flyers,6,2,0.556,0.4,True
2023-02-16,Vegas Golden Knights,San Jose Sharks,2,1,0.593,0.309,True
2023-02-17,Ottawa Senators,Chicago Blackhawks,3,4,0.491,0.302,False
2023-02-17,New York Islanders,Pittsburgh Penguins,5,4,0.474,0.509,True
2023-02-17,Minnesota Wild,Dallas Stars,2,1,0.519,0.545,True
2023-02-17,Anaheim Ducks,Los Angeles Kings,3,6,0.309,0.545,False
2023-02-17,Edmonton Oilers,New York Rangers,4,5,0.545,0.593,False
2023-02-18,St. Louis Blues,Colorado Avalanche,1,4,0.481,0.547,False
2023-02-18,Nashville Predators,Florida Panthers,7,3,0.481,0.483,True
2023-02-18,Boston Bruins,New York Islanders,6,2,0.759,0.483,True
2023-02-18,Pittsburgh Penguins,New Jersey Devils,2,5,0.5,0.648,False
2023-02-18,Dallas Stars,Columbus Blue Jackets,1,4,0.536,0.309,False
2023-02-18,Toronto Maple Leafs,Montréal Canadiens,5,1,0.6,0.418,True
2023-02-18,Carolina Hurricanes,Washington Capitals,4,1,0.667,0.491,True
2023-02-18,Vancouver Canucks,Philadelphia Flyers,6,2,0.382,0.393,True
2023-02-18,Calgary Flames,New York Rangers,3,2,0.455,0.6,True
2023-02-18,Los Angeles Kings,Arizona Coyotes,6,5,0.554,0.345,True
2023-02-18,San Jose Sharks,Buffalo Sabres,2,4,0.304,0.509,False
2023-02-18,Seattle Kraken,Detroit Red Wings,4,2,0.564,0.481,True
2023-02-18,Vegas Golden Knights,Tampa Bay Lightning,5,4,0.6,0.648,True
2023-02-19,Minnesota Wild,Nashville Predators,4,3,0.527,0.491,True
2023-02-19,Ottawa Senators,St. Louis Blues,7,2,0.481,0.473,True
2023-02-19,Colorado Avalanche,Edmonton Oilers,6,5,0.556,0.536,True
2023-02-19,Chicago Blackhawks,Toronto Maple Leafs,5,3,0.315,0.607,True
2023-02-19,New Jersey Devils,Winnipeg Jets,4,2,0.655,0.618,True
2023-02-19,Arizona Coyotes,Columbus Blue Jackets,3,2,0.339,0.321,True
2023-02-20,Florida Panthers,Anaheim Ducks,4,3,0.475,0.304,True
2023-02-20,Boston Bruins,Ottawa Senators,3,1,0.764,0.491,True
2023-02-20,San Jose Sharks,Seattle Kraken,4,0,0.298,0.571,True
2023-02-20,Calgary Flames,Philadelphia Flyers,3,4,0.464,0.386,False
2023-02-20,Pittsburgh Penguins,New York Islanders,2,4,0.491,0.475,False
2023-02-20,New York Rangers,Winnipeg Jets,1,4,0.589,0.607,False
2023-02-21,Tampa Bay Lightning,Anaheim Ducks,6,1,0.636,0.298,True
2023-02-21,Washington Capitals,Detroit Red Wings,1,3,0.483,0.473,False
2023-02-21,New Jersey Devils,Montréal Canadiens,2,5,0.661,0.411,False
2023-02-21,Carolina Hurricanes,St. Louis Blues,4,1,0.673,0.464,True
2023-02-21,Buffalo Sabres,Toronto Maple Leafs,3,6,0.519,0.596,False
2023-02-21,Minnesota Wild,Los Angeles Kings,2,1,0.536,0.561,True
2023-02-21,Nashville Predators,Vancouver Canucks,5,4,0.481,0.393,True
2023-02-21,Chicago Blackhawks,Vegas Golden Knights,3,2,0.327,0.607,True
2023-02-21,Edmonton Oilers,Philadelphia Flyers,4,2,0.526,0.397,True
2023-02-22,New York Islanders,Winnipeg Jets,2,1,0.483,0.614,True
2023-02-22,Arizona Coyotes,Calgary Flames,3,6,0.351,0.456,False
2023-02-22,Dallas Stars,Chicago Blackhawks,3,4,0.526,0.339,False
2023-02-23,Washington Capitals,Anaheim Ducks,2,4,0.475,0.293,False
2023-02-23,Tampa Bay Lightning,Buffalo Sabres,5,6,0.643,0.509,False
2023-02-23,Pittsburgh Penguins,Edmonton Oilers,2,7,0.482,0.534,False
2023-02-23,New Jersey Devils,Los Angeles Kings,4,3,0.649,0.552,True
2023-02-23,Columbus Blue Jackets,Minnesota Wild,0,2,0.316,0.544,False
2023-02-23,Detroit Red Wings,New York Rangers,4,1,0.482,0.579,True
2023-02-23,St. Louis Blues,Vancouver Canucks,2,3,0.456,0.386,False
2023-02-23,Vegas Golden Knights,Calgary Flames,4,3,0.596,0.466,True
2023-02-23,Seattle Kraken,Boston Bruins,5,6,0.561,0.768,False
2023-02-23,San Jose Sharks,Nashville Predators,2,6,0.31,0.491,False
2023-02-24,Florida Panthers,Buffalo Sabres,1,3,0.483,0.518,False
2023-02-24,Toronto Maple Leafs,Minnesota Wild,2,1,0.603,0.552,True
2023-02-24,Philadelphia Flyers,Montréal Canadiens,2,5,0.39,0.421,False
2023-02-24,Carolina Hurricanes,Ottawa Senators,4,0,0.679,0.482,True
2023-02-24,New York Islanders,Los Angeles Kings,2,3,0.492,0.542,False
2023-02-24,Winnipeg Jets,Colorado Avalanche,1,5,0.603,0.564,False
2023-02-25,Columbus Blue Jackets,Edmonton Oilers,6,5,0.31,0.542,True
2023-02-25,Washington Capitals,New York Rangers,6,3,0.467,0.569,True
2023-02-25,St. Louis Blues,Pittsburgh Penguins,2,3,0.448,0.474,False
2023-02-25,Vancouver Canucks,Boston Bruins,1,3,0.397,0.772,False
2023-02-25,Carolina Hurricanes,Anaheim Ducks,2,3,0.684,0.305,False
2023-02-25,Montréal Canadiens,Ottawa Senators,2,5,0.431,0.474,False
2023-02-25,New Jersey Devils,Philadelphia Flyers,7,0,0.655,0.383,True
2023-02-25,Detroit Red Wings,Tampa Bay Lightning,0,3,0.491,0.632,False
2023-02-25,Vegas Golden Knights,Dallas Stars,2,3,0.603,0.517,False
2023-02-25,San Jose Sharks,Chicago Blackhawks,3,4,0.305,0.351,False
2023-02-25,Colorado Avalanche,Calgary Flames,4,1,0.571,0.458,True
2023-02-26,Buffalo Sabres,Washington Capitals,7,4,0.526,0.475,True
2023-02-26,Minnesota Wild,Columbus Blue Jackets,3,2,0.542,0.322,True
2023-02-26,Winnipeg Jets,New York Islanders,0,4,0.593,0.484,False
2023-02-26,New York Rangers,Los Angeles Kings,5,2,0.559,0.55,True
2023-02-26,Pittsburgh Penguins,Tampa Bay Lightning,7,3,0.483,0.638,True
2023-02-26,Seattle Kraken,Toronto Maple Leafs,1,5,0.552,0.61,False
2023-02-26,Arizona Coyotes,Nashville Predators,2,6,0.345,0.5,False
2023-02-27,Ottawa Senators,Detroit Red Wings,6,2,0.483,0.483,True
2023-02-27,Edmonton Oilers,Boston Bruins,2,3,0.533,0.776,False
2023-02-27,Dallas Stars,Vancouver Canucks,4,5,0.525,0.39,False
2023-02-27,Colorado Avalanche,Vegas Golden Knights,3,0,0.579,0.593,True
2023-02-27,Anaheim Ducks,Chicago Blackhawks,4,2,0.317,0.362,True
2023-02-28,Ottawa Senators,Detroit Red Wings,6,1,0.492,0.475,True
2023-02-28,Tampa Bay Lightning,Florida Panthers,1,4,0.627,0.475,False
2023-02-28,Buffalo Sabres,Columbus Blue Jackets,3,5,0.534,0.317,False
2023-02-28,Winnipeg Jets,Los Angeles Kings,5,6,0.583,0.541,False
2023-02-28,Minnesota Wild,New York Islanders,2,1,0.55,0.492,True
2023-02-28,Nashville Predators,Pittsburgh Penguins,1,3,0.509,0.492,False
2023-02-28,St. Louis Blues,Seattle Kraken,3,5,0.441,0.542,False
2023-02-28,Calgary Flames,Boston Bruins,3,4,0.45,0.78,False
2023-02-28,Arizona Coyotes,Chicago Blackhawks,4,1,0.339,0.356,True
2023-02-28,San Jose Sharks,Montréal Canadiens,1,3,0.3,0.424,False
2023-03-01,Philadelphia Flyers,New York Rangers,2,3,0.377,0.567,False
2023-03-01,Edmonton Oilers,Toronto Maple Leafs,5,2,0.525,0.617,True
2023-03-01,Dallas Stars,Arizona Coyotes,4,2,0.517,0.35,True
2023-03-01,Colorado Avalanche,New Jersey Devils,5,7,0.586,0.661,False
2023-03-01,Vegas Golden Knights,Carolina Hurricanes,3,2,0.583,0.672,True
2023-03-01,Anaheim Ducks,Washington Capitals,2,3,0.328,0.468,False
2023-03-02,Boston Bruins,Buffalo Sabres,7,1,0.783,0.525,True
2023-03-02,Florida Panthers,Nashville Predators,1,2,0.484,0.5,False
2023-03-02,New York Rangers,Ottawa Senators,3,5,0.574,0.5,False
2023-03-02,Tampa Bay Lightning,Pittsburgh Penguins,4,5,0.617,0.5,False
2023-03-02,Detroit Red Wings,Seattle Kraken,4,5,0.467,0.55,False
2023-03-02,Chicago Blackhawks,Dallas Stars,2,5,0.35,0.525,False
2023-03-02,Calgary Flames,Toronto Maple Leafs,1,2,0.443,0.607,False
2023-03-02,Vancouver Canucks,Minnesota Wild,1,2,0.4,0.557,False
2023-03-02,Los Angeles Kings,Montréal Canadiens,3,2,0.548,0.433,True
2023-03-02,San Jose Sharks,St. Louis Blues,3,6,0.295,0.433,False
2023-03-03,Columbus Blue Jackets,Seattle Kraken,2,4,0.328,0.557,False
2023-03-03,Edmonton Oilers,Winnipeg Jets,6,3,0.532,0.574,True
2023-03-03,Arizona Coyotes,Carolina Hurricanes,1,6,0.344,0.661,False
2023-03-03,Anaheim Ducks,Montréal Canadiens,3,2,0.323,0.426,True
2023-03-03,Vegas Golden Knights,New Jersey Devils,4,3,0.59,0.667,True
2023-03-04,Buffalo Sabres,Tampa Bay Lightning,5,3,0.517,0.607,True
2023-03-04,New York Islanders,Detroit Red Wings,4,1,0.484,0.459,True
2023-03-04,Boston Bruins,New York Rangers,4,2,0.787,0.565,True
2023-03-04,Dallas Stars,Colorado Avalanche,7,3,0.532,0.576,True
2023-03-04,San Jose Sharks,Washington Capitals,3,8,0.29,0.476,False
2023-03-04,Florida Panthers,Pittsburgh Penguins,4,1,0.476,0.508,True
2023-03-04,Vancouver Canucks,Toronto Maple Leafs,4,1,0.393,0.613,True
2023-03-04,Winnipeg Jets,Edmonton Oilers,7,5,0.565,0.54,True
2023-03-04,Ottawa Senators,Columbus Blue Jackets,5,2,0.508,0.323,True
2023-03-04,Chicago Blackhawks,Nashville Predators,1,3,0.344,0.508,False
2023-03-04,Calgary Flames,Minnesota Wild,0,3,0.435,0.565,False
2023-03-04,Los Angeles Kings,St. Louis Blues,4,2,0.556,0.443,True
2023-03-05,Carolina Hurricanes,Tampa Bay Lightning,6,0,0.667,0.597,True
2023-03-05,Vegas Golden Knights,Montréal Canadiens,4,3,0.597,0.419,True
2023-03-05,Philadelphia Flyers,Detroit Red Wings,3,1,0.371,0.452,True
2023-03-05,Arizona Coyotes,New Jersey Devils,4,5,0.339,0.656,False
2023-03-05,Colorado Avalanche,Seattle Kraken,2,3,0.567,0.565,False
2023-03-06,Winnipeg Jets,San Jose Sharks,2,3,0.571,0.286,False
2023-03-06,Buffalo Sabres,Edmonton Oilers,2,3,0.525,0.531,False
2023-03-06,Dallas Stars,Calgary Flames,4,5,0.54,0.429,False
2023-03-06,Chicago Blackhawks,Ottawa Senators,5,0,0.339,0.516,True
2023-03-06,Vancouver Canucks,Nashville Predators,4,3,0.403,0.517,True
2023-03-06,Los Angeles Kings,Washington Capitals,4,2,0.562,0.484,True
2023-03-07,Montréal Canadiens,Carolina Hurricanes,3,4,0.413,0.672,False
2023-03-07,Pittsburgh Penguins,Columbus Blue Jackets,5,4,0.5,0.317,True
2023-03-07,Tampa Bay Lightning,Philadelphia Flyers,5,2,0.587,0.381,True
2023-03-07,New Jersey Devils,Toronto Maple Leafs,3,4,0.661,0.603,False
2023-03-07,Florida Panthers,Vegas Golden Knights,2,1,0.484,0.603,True
2023-03-07,New York Islanders,Buffalo Sabres,3,2,0.492,0.516,True
2023-03-07,Minnesota Wild,Calgary Flames,0,1,0.571,0.438,False
2023-03-07,Colorado Avalanche,San Jose Sharks,6,0,0.557,0.297,True
2023-03-07,Arizona Coyotes,St. Louis Blues,6,2,0.333,0.435,True
2023-03-07,Seattle Kraken,Anaheim Ducks,5,2,0.571,0.333,True
2023-03-08,Winnipeg Jets,Minnesota Wild,2,4,0.562,0.562,False
2023-03-08,Detroit Red Wings,Chicago Blackhawks,4,3,0.444,0.349,True
2023-03-08,Vancouver Canucks,Anaheim Ducks,3,2,0.413,0.328,True
2023-03-09,Buffalo Sabres,Dallas Stars,4,10,0.508,0.531,False
2023-03-09,Pittsburgh Penguins,New York Islanders,3,4,0.508,0.5,False
2023-03-09,Montréal Canadiens,New York Rangers,3,4,0.406,0.556,False
2023-03-09,Washington Capitals,New Jersey Devils,2,3,0.477,0.651,False
2023-03-09,Carolina Hurricanes,Philadelphia Flyers,1,0,0.677,0.375,True
2023-03-09,Tampa Bay Lightning,Vegas Golden Knights,3,4,0.594,0.594,False
2023-03-09,Boston Bruins,Edmonton Oilers,2,3,0.79,0.538,False
2023-03-09,St. Louis Blues,San Jose Sharks,4,2,0.429,0.292,True
2023-03-09,Colorado Avalanche,Los Angeles Kings,2,5,0.565,0.569,False
2023-03-09,Arizona Coyotes,Nashville Predators,4,1,0.344,0.508,True
2023-03-09,Seattle Kraken,Ottawa Senators,4,5,0.578,0.508,False
2023-03-10,Florida Panthers,Chicago Blackhawks,4,3,0.492,0.344,True
2023-03-10,Calgary Flames,Anaheim Ducks,1,3,0.446,0.323,False
2023-03-11,Boston Bruins,Detroit Red Wings,3,2,0.778,0.453,True
2023-03-11,Pittsburgh Penguins,Philadelphia Flyers,5,1,0.5,0.369,True
2023-03-11,Buffalo Sabres,New York Rangers,1,2,0.5,0.562,False
2023-03-11,Colorado Avalanche,Arizona Coyotes,3,2,0.556,0.354,True
2023-03-11,Tampa Bay Lightning,Chicago Blackhawks,3,1,0.585,0.338,True
2023-03-11,Toronto Maple Leafs,Edmonton Oilers,7,4,0.609,0.545,True
2023-03-11,Montréal Canadiens,New Jersey Devils,1,3,0.4,0.656,False
2023-03-11,Columbus Blue Jackets,St. Louis Blues,2,5,0.312,0.438,False
2023-03-11,Carolina Hurricanes,Vegas Golden Knights,0,4,0.683,0.6,False
2023-03-11,Florida Panthers,Winnipeg Jets,4,5,0.5,0.554,False
2023-03-11,New York Islanders,Washington Capitals,1,5,0.507,0.47,False
2023-03-11,Seattle Kraken,Dallas Stars,3,4,0.569,0.538,False
2023-03-11,Vancouver Canucks,Ottawa Senators,5,2,0.422,0.516,True
2023-03-11,San Jose Sharks,Minnesota Wild,2,5,0.288,0.569,False
2023-03-11,Los Angeles Kings,Nashville Predators,1,2,0.576,0.5,False
2023-03-12,Detroit Red Wings,Boston Bruins,5,3,0.446,0.781,True
2023-03-12,Pittsburgh Penguins,New York Rangers,3,2,0.508,0.569,True
2023-03-12,St. Louis Blues,Vegas Golden Knights,3,5,0.446,0.606,False
2023-03-12,New Jersey Devils,Carolina Hurricanes,3,0,0.662,0.672,True
2023-03-12,Tampa Bay Lightning,Winnipeg Jets,2,3,0.591,0.561,False
2023-03-12,Calgary Flames,Ottawa Senators,5,1,0.439,0.508,True
2023-03-12,Arizona Coyotes,Minnesota Wild,5,4,0.348,0.576,True
2023-03-12,Anaheim Ducks,Nashville Predators,4,5,0.333,0.508,False
2023-03-13,Toronto Maple Leafs,Buffalo Sabres,3,4,0.615,0.492,False
2023-03-13,Montréal Canadiens,Colorado Avalanche,4,8,0.394,0.562,False
2023-03-13,Seattle Kraken,Dallas Stars,2,5,0.561,0.545,False
2023-03-14,Pittsburgh Penguins,Montréal Canadiens,4,6,0.515,0.388,False
2023-03-14,New Jersey Devils,Tampa Bay Lightning,1,4,0.667,0.582,False
2023-03-14,Philadelphia Flyers,Vegas Golden Knights,3,5,0.364,0.612,False
2023-03-14,New York Rangers,Washington Capitals,5,3,0.561,0.478,True
2023-03-14,Carolina Hurricanes,Winnipeg Jets,5,3,0.662,0.567,True
2023-03-14,Nashville Predators,Detroit Red Wings,2,1,0.516,0.455,True
2023-03-14,Chicago Blackhawks,Boston Bruins,6,3,0.333,0.769,True
2023-03-14,Edmonton Oilers,Ottawa Senators,6,3,0.537,0.5,True
2023-03-14,Arizona Coyotes,Calgary Flames,4,3,0.358,0.448,True
2023-03-14,Vancouver Canucks,Dallas Stars,5,2,0.431,0.552,True
2023-03-14,San Jose Sharks,Columbus Blue Jackets,5,6,0.284,0.308,False
2023-03-14,Los Angeles Kings,New York Islanders,5,2,0.567,0.5,True
2023-03-15,Washington Capitals,Buffalo Sabres,5,4,0.471,0.5,True
2023-03-15,Toronto Maple Leafs,Colorado Avalanche,1,2,0.606,0.569,False
2023-03-15,St. Louis Blues,Minnesota Wild,5,8,0.439,0.567,False
2023-03-15,Anaheim Ducks,New York Islanders,3,6,0.328,0.493,False
2023-03-16,Ottawa Senators,Colorado Avalanche,4,5,0.493,0.576,False
2023-03-16,Florida Panthers,Montréal Canadiens,9,5,0.493,0.397,True
2023-03-16,New York Rangers,Pittsburgh Penguins,4,2,0.567,0.507,True
2023-03-16,New Jersey Devils,Tampa Bay Lightning,3,4,0.657,0.588,False
2023-03-16,Winnipeg Jets,Boston Bruins,0,3,0.559,0.758,False
2023-03-16,Nashville Predators,Chicago Blackhawks,1,2,0.523,0.343,False
2023-03-16,Edmonton Oilers,Dallas Stars,4,1,0.544,0.544,True
2023-03-16,Vegas Golden Knights,Calgary Flames,2,7,0.618,0.441,False
2023-03-16,Arizona Coyotes,Vancouver Canucks,3,2,0.368,0.439,True
2023-03-16,Los Angeles Kings,Columbus Blue Jackets,4,1,0.574,0.318,True
2023-03-16,San Jose Sharks,Seattle Kraken,1,2,0.279,0.552,False
2023-03-17,Philadelphia Flyers,Buffalo Sabres,5,2,0.358,0.493,True
2023-03-17,Toronto Maple Leafs,Carolina Hurricanes,5,2,0.597,0.667,True
2023-03-17,Washington Capitals,St. Louis Blues,2,5,0.478,0.433,False
2023-03-17,Anaheim Ducks,Columbus Blue Jackets,7,4,0.324,0.313,True
2023-03-18,Detroit Red Wings,Colorado Avalanche,1,5,0.448,0.582,False
2023-03-18,Minnesota Wild,Boston Bruins,2,5,0.574,0.761,False
2023-03-18,Nashville Predators,Winnipeg Jets,2,3,0.515,0.551,False
2023-03-18,Seattle Kraken,Edmonton Oilers,4,6,0.559,0.551,False
2023-03-18,Philadelphia Flyers,Carolina Hurricanes,4,5,0.368,0.657,False
2023-03-18,Florida Panthers,New Jersey Devils,4,2,0.5,0.647,True
2023-03-18,Tampa Bay Lightning,Montréal Canadiens,5,3,0.594,0.391,True
2023-03-18,Ottawa Senators,Toronto Maple Leafs,4,5,0.485,0.603,False
2023-03-18,New York Rangers,Pittsburgh Penguins,6,0,0.574,0.5,True
2023-03-18,Los Angeles Kings,Vancouver Canucks,2,3,0.58,0.433,False
2023-03-18,Calgary Flames,Dallas Stars,5,6,0.449,0.536,False
2023-03-18,Arizona Coyotes,Chicago Blackhawks,4,2,0.377,0.353,True
2023-03-18,San Jose Sharks,New York Islanders,1,4,0.275,0.5,False
2023-03-19,Buffalo Sabres,Boston Bruins,0,7,0.485,0.765,False
2023-03-19,Minnesota Wild,Washington Capitals,5,3,0.565,0.471,True
2023-03-19,Vegas Golden Knights,Columbus Blue Jackets,7,2,0.609,0.309,True
2023-03-19,St. Louis Blues,Winnipeg Jets,3,0,0.441,0.557,True
2023-03-19,New York Rangers,Nashville Predators,7,0,0.58,0.507,True
2023-03-19,Tampa Bay Lightning,New Jersey Devils,2,5,0.6,0.638,False
2023-03-19,Anaheim Ducks,Vancouver Canucks,1,2,0.333,0.441,False
2023-03-20,Pittsburgh Penguins,Ottawa Senators,1,2,0.493,0.478,False
2023-03-20,Detroit Red Wings,Florida Panthers,2,5,0.441,0.507,False
2023-03-20,Colorado Avalanche,Chicago Blackhawks,5,0,0.588,0.348,True
2023-03-20,Edmonton Oilers,San Jose Sharks,5,4,0.557,0.271,True
2023-03-20,Los Angeles Kings,Calgary Flames,8,2,0.571,0.443,True
2023-03-21,New York Rangers,Carolina Hurricanes,2,3,0.586,0.662,False
2023-03-21,Washington Capitals,Columbus Blue Jackets,6,7,0.465,0.304,False
2023-03-21,Philadelphia Flyers,Florida Panthers,6,3,0.362,0.514,True
2023-03-21,New Jersey Devils,Minnesota Wild,1,2,0.643,0.571,False
2023-03-21,Buffalo Sabres,Nashville Predators,3,7,0.478,0.5,False
2023-03-21,Boston Bruins,Ottawa Senators,2,1,0.768,0.486,True
2023-03-21,Montréal Canadiens,Tampa Bay Lightning,3,2,0.386,0.592,True
2023-03-21,New York Islanders,Toronto Maple Leafs,7,2,0.507,0.609,True
2023-03-21,Winnipeg Jets,Arizona Coyotes,2,1,0.549,0.386,True
2023-03-21,St. Louis Blues,Detroit Red Wings,2,3,0.449,0.435,False
2023-03-21,Dallas Stars,Seattle Kraken,4,5,0.543,0.551,False
2023-03-21,Anaheim Ducks,Calgary Flames,1,5,0.329,0.437,False
2023-03-21,Vancouver Canucks,Vegas Golden Knights,3,4,0.449,0.614,False
2023-03-22,Colorado Avalanche,Pittsburgh Penguins,2,5,0.594,0.486,False
2023-03-22,Edmonton Oilers,Arizona Coyotes,4,3,0.563,0.38,True
2023-03-23,Philadelphia Flyers,Minnesota Wild,5,4,0.371,0.577,True
2023-03-23,Washington Capitals,Chicago Blackhawks,6,1,0.458,0.343,True
2023-03-23,Boston Bruins,Montréal Canadiens,4,2,0.771,0.394,True
2023-03-23,Carolina Hurricanes,New York Rangers,1,2,0.667,0.577,False
2023-03-23,Ottawa Senators,Tampa Bay Lightning,7,2,0.479,0.583,True
2023-03-23,Florida Panthers,Toronto Maple Leafs,2,6,0.507,0.6,False
2023-03-23,Detroit Red Wings,St. Louis Blues,3,4,0.443,0.443,False
2023-03-23,Nashville Predators,Seattle Kraken,2,1,0.507,0.557,True
2023-03-23,Calgary Flames,Vegas Golden Knights,2,3,0.444,0.62,False
2023-03-23,Dallas Stars,Pittsburgh Penguins,3,2,0.535,0.493,True
2023-03-23,Vancouver Canucks,San Jose Sharks,7,2,0.443,0.268,True
2023-03-23,Anaheim Ducks,Winnipeg Jets,2,3,0.324,0.556,False
2023-03-24,Columbus Blue Jackets,New York Islanders,5,4,0.314,0.514,True
2023-03-24,Buffalo Sabres,New Jersey Devils,5,4,0.471,0.634,True
2023-03-24,Colorado Avalanche,Arizona Coyotes,3,1,0.586,0.375,True
